{"stats":{"minecraft:dropped":{"minecraft:bread":6,"minecraft:green_bed":1,"minecraft:hay_block":2,"regions_unexplored:joshua_planks":4},"minecraft:killed":{"alexsmobs:guster":1,"minecraft:pig":1,"minecraft:zombie_villager":1,"minecraft:skeleton":2,"minecraft:zombie":6,"minecraft:player":2},"minecraft:used":{"minecraft:green_bed":4,"minecraft:rotten_flesh":7,"minecraft:dirt":1,"minecraft:crafting_table":2,"projectvibrantjourneys:bark_mushroom":1,"minecraft:carrot":2,"minecraft:melon_slice":6,"minecraft:bread":9,"projectvibrantjourneys:orange_bark_mushroom":1},"minecraft:crafted":{"minecraft:crafting_table":2,"minecraft:bread":4,"regions_unexplored:eucalyptus_planks":12,"regions_unexplored:joshua_planks":20},"minecraft:mined":{"regions_unexplored:dead_steppe_shrub":2,"minecraft:acacia_leaves":1,"regions_unexplored:acacia_shrub":1,"gravestone:gravestone":7,"minecraft:red_sand":2,"minecraft:grass_block":2,"minecraft:melon":3,"regions_unexplored:small_desert_shrub":13,"minecraft:tall_grass":6,"minecraft:hay_block":2,"minecraft:carrots":1,"projectvibrantjourneys:bones":1,"regions_unexplored:sandy_grass":13,"regions_unexplored:steppe_grass":8,"minecraft:grass":29,"regions_unexplored:joshua_log":6,"regions_unexplored:eucalyptus_log":3,"projectvibrantjourneys:short_grass":22,"minecraft:dirt":2,"minecraft:oak_leaves":1,"minecraft:green_bed":4,"minecraft:fern":5},"minecraft:picked_up":{"regions_unexplored:eucalyptus_log":3,"minecraft:cut_sandstone":5,"gravestone:obituary":1,"minecraft:gunpowder":1,"minecraft:dirt":4,"minecraft:bone":4,"minecraft:wheat_seeds":7,"minecraft:red_sand":2,"minecraft:candle":1,"minecraft:spruce_planks":1,"minecraft:melon_slice":16,"minecraft:egg":3,"minecraft:sandstone":16,"minecraft:jungle_door":1,"projectvibrantjourneys:bark_mushroom":1,"minecraft:green_bed":5,"minecraft:porkchop":2,"minecraft:sand":2,"minecraft:carrot":3,"minecraft:chiseled_sandstone":2,"minecraft:cactus":2,"minecraft:arrow":3,"minecraft:stone_sword":1,"regions_unexplored:acacia_shrub":1,"minecraft:rotten_flesh":8,"regions_unexplored:joshua_log":6,"regions_unexplored:eucalyptus_shrub":1,"minecraft:hay_block":2,"minecraft:bread":11,"projectvibrantjourneys:orange_bark_mushroom":1},"minecraft:killed_by":{"minecraft:husk":1,"alexsmobs:guster":3,"minecraft:player":3,"minecraft:skeleton":13,"minecraft:creeper":2,"minecraft:zombie":3},"minecraft:custom":{"minecraft:interact_with_furnace":10,"minecraft:mob_kills":13,"minecraft:interact_with_crafting_table":24,"minecraft:open_barrel":1,"minecraft:eat_cake_slice":2,"minecraft:time_since_death":4637,"minecraft:sleep_in_bed":3,"minecraft:climb_one_cm":721,"minecraft:time_since_rest":4663,"minecraft:sprint_one_cm":532055,"minecraft:damage_taken":7854,"minecraft:walk_one_cm":954434,"minecraft:drop":6,"minecraft:damage_dealt":2595,"minecraft:swim_one_cm":6510,"minecraft:fly_one_cm":380225,"minecraft:player_kills":3,"minecraft:open_chest":26,"minecraft:play_time":102115,"minecraft:crouch_one_cm":9730,"minecraft:deaths":26,"minecraft:sneak_time":1787,"minecraft:walk_under_water_one_cm":111,"minecraft:jump":1026,"minecraft:walk_on_water_one_cm":1126,"minecraft:total_world_time":102115,"minecraft:fall_one_cm":20873}},"DataVersion":3465}