{"stats":{"minecraft:custom":{"minecraft:time_since_rest":1696,"minecraft:sprint_one_cm":303458,"minecraft:damage_taken":7098,"minecraft:walk_one_cm":695870,"minecraft:mob_kills":10,"minecraft:drop":2,"minecraft:damage_dealt":2295,"minecraft:swim_one_cm":6510,"minecraft:interact_with_crafting_table":1,"minecraft:player_kills":3,"minecraft:fly_one_cm":190732,"minecraft:open_barrel":1,"minecraft:open_chest":8,"minecraft:crouch_one_cm":7255,"minecraft:play_time":66622,"minecraft:deaths":24,"minecraft:sneak_time":1363,"minecraft:walk_under_water_one_cm":111,"minecraft:jump":719,"minecraft:eat_cake_slice":2,"minecraft:walk_on_water_one_cm":1060,"minecraft:time_since_death":1658,"minecraft:sleep_in_bed":1,"minecraft:total_world_time":66622,"minecraft:climb_one_cm":251,"minecraft:fall_one_cm":15648},"minecraft:dropped":{"minecraft:bread":6},"minecraft:picked_up":{"minecraft:sandstone":16,"regions_unexplored:eucalyptus_log":3,"minecraft:cut_sandstone":5,"projectvibrantjourneys:bark_mushroom":1,"minecraft:green_bed":1,"minecraft:porkchop":2,"minecraft:gunpowder":1,"minecraft:carrot":3,"minecraft:chiseled_sandstone":2,"minecraft:dirt":2,"minecraft:arrow":3,"minecraft:cactus":2,"regions_unexplored:acacia_shrub":1,"minecraft:bone":4,"minecraft:rotten_flesh":6,"regions_unexplored:joshua_log":6,"minecraft:wheat_seeds":6,"minecraft:red_sand":2,"minecraft:candle":1,"projectvibrantjourneys:orange_bark_mushroom":1,"minecraft:melon_slice":16,"minecraft:egg":3},"minecraft:killed":{"minecraft:skeleton":2,"minecraft:zombie":4,"minecraft:pig":1,"minecraft:zombie_villager":1,"minecraft:player":2},"minecraft:crafted":{"regions_unexplored:joshua_planks":20,"minecraft:crafting_table":1,"regions_unexplored:eucalyptus_planks":12},"minecraft:killed_by":{"minecraft:husk":1,"alexsmobs:guster":2,"minecraft:player":3,"minecraft:skeleton":13,"minecraft:creeper":1,"minecraft:zombie":3},"minecraft:used":{"minecraft:melon_slice":6,"minecraft:dirt":1,"minecraft:green_bed":1,"minecraft:rotten_flesh":4,"projectvibrantjourneys:orange_bark_mushroom":1,"minecraft:crafting_table":1,"projectvibrantjourneys:bark_mushroom":1,"minecraft:carrot":2},"minecraft:mined":{"regions_unexplored:dead_steppe_shrub":2,"minecraft:acacia_leaves":1,"minecraft:carrots":1,"regions_unexplored:acacia_shrub":1,"projectvibrantjourneys:bones":1,"gravestone:gravestone":2,"regions_unexplored:joshua_log":6,"regions_unexplored:sandy_grass":11,"regions_unexplored:steppe_grass":8,"minecraft:grass_block":1,"minecraft:grass":29,"minecraft:red_sand":2,"minecraft:melon":3,"projectvibrantjourneys:short_grass":20,"regions_unexplored:eucalyptus_log":3,"regions_unexplored:small_desert_shrub":12,"minecraft:tall_grass":6,"minecraft:green_bed":1,"minecraft:fern":5}},"DataVersion":3465}