{"stats":{"minecraft:dropped":{"minecraft:bread":48,"minecraft:iron_sword":1,"minecraft:green_bed":1,"minecraft:emerald":13,"minecraft:hay_block":2,"minecraft:torch":37,"regions_unexplored:joshua_planks":4},"minecraft:killed":{"alexsmobs:guster":1,"minecraft:pig":1,"minecraft:zombie_villager":1,"minecraft:skeleton":2,"minecraft:zombie":6,"alexsmobs:skreecher":2,"minecraft:player":2},"minecraft:used":{"minecraft:green_bed":5,"minecraft:rotten_flesh":7,"minecraft:orange_bed":1,"minecraft:torch":3,"minecraft:dirt":3,"minecraft:crafting_table":2,"projectvibrantjourneys:bark_mushroom":1,"minecraft:carrot":2,"minecraft:melon_slice":6,"minecraft:bread":14,"projectvibrantjourneys:orange_bark_mushroom":1,"minecraft:cobblestone":6},"minecraft:crafted":{"minecraft:crafting_table":2,"minecraft:bread":4,"regions_unexplored:eucalyptus_planks":12,"regions_unexplored:joshua_planks":24,"minecraft:stick":16,"minecraft:torch":64},"minecraft:mined":{"regions_unexplored:dead_steppe_shrub":2,"minecraft:acacia_leaves":1,"regions_unexplored:acacia_shrub":1,"gravestone:gravestone":8,"minecraft:red_sand":2,"minecraft:grass_block":2,"minecraft:melon":3,"regions_unexplored:small_desert_shrub":13,"minecraft:sculk_sensor":8,"minecraft:tall_grass":6,"minecraft:hay_block":2,"minecraft:sculk_catalyst":3,"minecraft:carrots":1,"projectvibrantjourneys:bones":1,"regions_unexplored:sandy_grass":13,"regions_unexplored:steppe_grass":8,"minecraft:sculk_shrieker":1,"minecraft:grass":29,"regions_unexplored:joshua_log":6,"regions_unexplored:eucalyptus_log":3,"projectvibrantjourneys:short_grass":22,"minecraft:dirt":2,"minecraft:oak_leaves":4,"minecraft:green_bed":4,"minecraft:fern":5},"minecraft:picked_up":{"regions_unexplored:palm_planks":5,"regions_unexplored:eucalyptus_log":3,"minecraft:cut_sandstone":5,"alexsmobs:skreecher_soul":1,"gravestone:obituary":1,"minecraft:gunpowder":1,"minecraft:dirt":4,"minecraft:bone":4,"minecraft:wheat_seeds":7,"minecraft:red_sand":2,"minecraft:candle":1,"minecraft:spruce_planks":1,"minecraft:melon_slice":16,"minecraft:iron_sword":1,"minecraft:egg":3,"minecraft:sandstone":16,"minecraft:jungle_door":1,"projectvibrantjourneys:bark_mushroom":1,"minecraft:torch":5,"minecraft:green_bed":5,"minecraft:porkchop":2,"minecraft:sand":2,"minecraft:carrot":3,"minecraft:chiseled_sandstone":2,"minecraft:orange_bed":1,"minecraft:cactus":2,"minecraft:arrow":3,"minecraft:stone_sword":1,"regions_unexplored:acacia_shrub":1,"minecraft:rotten_flesh":8,"regions_unexplored:joshua_log":7,"regions_unexplored:eucalyptus_shrub":1,"minecraft:hay_block":2,"minecraft:emerald":10,"minecraft:bread":11,"supplementaries:ash":1,"projectvibrantjourneys:orange_bark_mushroom":1,"minecraft:white_wool":1,"minecraft:cobblestone":6},"minecraft:killed_by":{"minecraft:husk":1,"alexsmobs:guster":3,"minecraft:warden":6,"minecraft:player":3,"minecraft:skeleton":13,"minecraft:creeper":2,"minecraft:zombie":3},"minecraft:custom":{"minecraft:interact_with_furnace":10,"minecraft:mob_kills":15,"minecraft:interact_with_crafting_table":26,"minecraft:open_barrel":1,"minecraft:eat_cake_slice":2,"minecraft:leave_game":1,"minecraft:time_since_death":2572,"minecraft:sleep_in_bed":9,"minecraft:climb_one_cm":965,"minecraft:time_since_rest":2628,"minecraft:sprint_one_cm":866684,"minecraft:damage_taken":11037,"minecraft:walk_one_cm":1207448,"minecraft:drop":11,"minecraft:damage_dealt":2635,"minecraft:swim_one_cm":6949,"minecraft:fly_one_cm":457066,"minecraft:player_kills":3,"minecraft:open_chest":51,"minecraft:play_time":171784,"minecraft:crouch_one_cm":156602,"minecraft:deaths":33,"minecraft:sneak_time":26408,"minecraft:walk_under_water_one_cm":2917,"minecraft:jump":1427,"minecraft:walk_on_water_one_cm":23282,"minecraft:total_world_time":171784,"minecraft:fall_one_cm":30778}},"DataVersion":3465}