{"stats":{"minecraft:custom":{"minecraft:time_since_rest":2138,"minecraft:crouch_one_cm":3975,"minecraft:play_time":30622,"minecraft:sprint_one_cm":135054,"minecraft:walk_one_cm":347692,"minecraft:damage_taken":3483,"minecraft:deaths":13,"minecraft:sneak_time":825,"minecraft:mob_kills":6,"minecraft:jump":332,"minecraft:damage_dealt":1262,"minecraft:time_since_death":2097,"minecraft:total_world_time":30622,"minecraft:fall_one_cm":6105,"minecraft:fly_one_cm":52583,"minecraft:player_kills":3},"minecraft:picked_up":{"minecraft:bone":1,"regions_unexplored:acacia_shrub":1,"minecraft:rotten_flesh":3,"minecraft:wheat_seeds":4,"minecraft:red_sand":2},"minecraft:killed":{"minecraft:skeleton":1,"minecraft:zombie":3,"minecraft:player":2,"minecraft:zombie_villager":1},"minecraft:killed_by":{"minecraft:skeleton":8,"minecraft:zombie":1,"minecraft:player":3},"minecraft:mined":{"regions_unexplored:dead_steppe_shrub":2,"minecraft:grass":10,"minecraft:red_sand":2,"projectvibrantjourneys:short_grass":12,"regions_unexplored:small_desert_shrub":4,"minecraft:tall_grass":1,"regions_unexplored:acacia_shrub":1,"projectvibrantjourneys:bones":1,"regions_unexplored:steppe_grass":8}},"DataVersion":3465}