{"stats":{"minecraft:custom":{"minecraft:time_since_rest":1228,"minecraft:crouch_one_cm":194,"minecraft:play_time":12622,"minecraft:sprint_one_cm":38530,"minecraft:walk_one_cm":127929,"minecraft:damage_taken":1035,"minecraft:deaths":4,"minecraft:sneak_time":193,"minecraft:mob_kills":1,"minecraft:jump":145,"minecraft:damage_dealt":403,"minecraft:time_since_death":1183,"minecraft:total_world_time":12622,"minecraft:fall_one_cm":3511,"minecraft:fly_one_cm":11304,"minecraft:player_kills":1},"minecraft:picked_up":{"minecraft:bone":1,"regions_unexplored:acacia_shrub":1,"minecraft:wheat_seeds":1,"minecraft:red_sand":2},"minecraft:killed":{"minecraft:zombie":1,"minecraft:player":1},"minecraft:killed_by":{"minecraft:zombie":1,"minecraft:player":2},"minecraft:mined":{"minecraft:grass":6,"minecraft:red_sand":2,"projectvibrantjourneys:short_grass":4,"regions_unexplored:acacia_shrub":1,"projectvibrantjourneys:bones":1,"regions_unexplored:steppe_grass":2}},"DataVersion":3465}