{"stats":{"minecraft:custom":{"minecraft:time_since_rest":205,"minecraft:sprint_one_cm":217623,"minecraft:damage_taken":3583,"minecraft:walk_one_cm":444437,"minecraft:mob_kills":7,"minecraft:damage_dealt":1362,"minecraft:interact_with_crafting_table":1,"minecraft:player_kills":3,"minecraft:fly_one_cm":80213,"minecraft:open_chest":1,"minecraft:crouch_one_cm":3975,"minecraft:play_time":42622,"minecraft:deaths":13,"minecraft:sneak_time":825,"minecraft:jump":464,"minecraft:time_since_death":14097,"minecraft:sleep_in_bed":1,"minecraft:total_world_time":42622,"minecraft:climb_one_cm":153,"minecraft:fall_one_cm":9868},"minecraft:picked_up":{"regions_unexplored:eucalyptus_log":3,"projectvibrantjourneys:bark_mushroom":1,"minecraft:porkchop":2,"regions_unexplored:acacia_shrub":1,"minecraft:bone":1,"minecraft:rotten_flesh":5,"minecraft:wheat_seeds":4,"minecraft:red_sand":2},"minecraft:killed":{"minecraft:skeleton":1,"minecraft:zombie":3,"minecraft:pig":1,"minecraft:zombie_villager":1,"minecraft:player":2},"minecraft:crafted":{"regions_unexplored:eucalyptus_planks":12},"minecraft:killed_by":{"minecraft:player":3,"minecraft:skeleton":8,"minecraft:zombie":1},"minecraft:used":{"minecraft:rotten_flesh":4},"minecraft:mined":{"regions_unexplored:dead_steppe_shrub":2,"minecraft:acacia_leaves":1,"regions_unexplored:acacia_shrub":1,"projectvibrantjourneys:bones":1,"regions_unexplored:steppe_grass":8,"minecraft:grass":19,"minecraft:red_sand":2,"projectvibrantjourneys:short_grass":16,"regions_unexplored:eucalyptus_log":3,"regions_unexplored:small_desert_shrub":4,"minecraft:tall_grass":6,"minecraft:fern":5}},"DataVersion":3465}