{"stats":{"minecraft:custom":{"minecraft:interact_with_furnace":11,"minecraft:mob_kills":16,"minecraft:interact_with_crafting_table":31,"minecraft:open_barrel":1,"minecraft:eat_cake_slice":2,"minecraft:leave_game":5,"minecraft:time_since_death":40440,"minecraft:sleep_in_bed":14,"minecraft:climb_one_cm":25269,"minecraft:time_since_rest":8902,"minecraft:sprint_one_cm":1088443,"minecraft:damage_taken":11658,"minecraft:walk_one_cm":1527953,"minecraft:drop":12,"minecraft:damage_dealt":3041,"minecraft:swim_one_cm":28119,"minecraft:player_kills":4,"minecraft:fly_one_cm":543856,"minecraft:play_time":216061,"minecraft:crouch_one_cm":158968,"minecraft:deaths":34,"minecraft:open_chest":72,"minecraft:sneak_time":27204,"minecraft:walk_under_water_one_cm":5193,"minecraft:jump":2009,"minecraft:walk_on_water_one_cm":30380,"minecraft:total_world_time":216061,"minecraft:interact_with_smoker":4,"minecraft:fall_one_cm":37260},"minecraft:killed":{"alexsmobs:guster":1,"hmag:ghost":1,"minecraft:pig":1,"minecraft:zombie_villager":1,"minecraft:skeleton":2,"minecraft:zombie":6,"alexsmobs:skreecher":2,"minecraft:player":2},"minecraft:picked_up":{"minecraft:wheat":30,"regions_unexplored:eucalyptus_log":3,"regions_unexplored:palm_planks":5,"minecraft:cut_sandstone":5,"alexsmobs:skreecher_soul":1,"minecraft:potato":85,"biomesoplenty:dead_log":5,"gravestone:obituary":1,"minecraft:gunpowder":1,"minecraft:dirt":4,"minecraft:bone":4,"minecraft:wheat_seeds":90,"minecraft:red_sand":2,"minecraft:candle":1,"minecraft:spruce_planks":1,"minecraft:melon_slice":16,"minecraft:iron_sword":1,"minecraft:egg":3,"minecraft:sandstone":16,"minecraft:jungle_door":1,"minecraft:pumpkin":2,"minecraft:sweet_berries":35,"hmag:soul_powder":2,"projectvibrantjourneys:bark_mushroom":1,"minecraft:torch":6,"minecraft:green_bed":5,"minecraft:porkchop":2,"minecraft:sand":2,"minecraft:white_bed":1,"minecraft:carrot":46,"minecraft:chiseled_sandstone":2,"minecraft:orange_bed":1,"minecraft:arrow":3,"regions_unexplored:acacia_shrub":1,"minecraft:stone_sword":1,"minecraft:cactus":2,"minecraft:rotten_flesh":8,"regions_unexplored:joshua_log":7,"farmersdelight:onion":40,"regions_unexplored:eucalyptus_shrub":1,"minecraft:hay_block":2,"minecraft:bone_meal":2,"minecraft:bread":11,"minecraft:emerald":10,"supplementaries:ash":1,"projectvibrantjourneys:orange_bark_mushroom":1,"minecraft:white_wool":1,"minecraft:cobblestone":6},"minecraft:used":{"minecraft:wheat_seeds":83,"minecraft:baked_potato":3,"minecraft:iron_sword":3,"minecraft:green_bed":5,"minecraft:rotten_flesh":7,"minecraft:orange_bed":1,"minecraft:torch":3,"farmersdelight:onion":12,"minecraft:dirt":3,"minecraft:crafting_table":2,"projectvibrantjourneys:bark_mushroom":1,"minecraft:carrot":21,"minecraft:white_bed":1,"minecraft:bread":14,"minecraft:melon_slice":6,"minecraft:iron_axe":5,"projectvibrantjourneys:orange_bark_mushroom":1,"minecraft:cobblestone":6,"minecraft:sweet_berries":17,"minecraft:potato":24,"minecraft:bone_meal":2},"minecraft:crafted":{"biomesoplenty:dead_planks":20,"minecraft:crafting_table":2,"minecraft:baked_potato":21,"minecraft:iron_sword":1,"minecraft:bread":4,"minecraft:air":0,"regions_unexplored:eucalyptus_planks":12,"regions_unexplored:joshua_planks":24,"minecraft:stick":20,"minecraft:white_bed":1,"minecraft:torch":64},"minecraft:killed_by":{"minecraft:husk":1,"alexsmobs:guster":3,"minecraft:warden":6,"minecraft:player":4,"minecraft:skeleton":13,"minecraft:creeper":2,"minecraft:zombie":3},"minecraft:mined":{"regions_unexplored:dead_steppe_shrub":2,"minecraft:acacia_leaves":1,"farmersdelight:onions":11,"minecraft:white_bed":1,"regions_unexplored:acacia_shrub":1,"gravestone:gravestone":9,"minecraft:red_sand":2,"minecraft:grass_block":2,"minecraft:melon":3,"regions_unexplored:small_desert_shrub":13,"minecraft:sculk_sensor":8,"minecraft:tall_grass":6,"minecraft:wall_torch":1,"minecraft:hay_block":2,"minecraft:sculk_catalyst":3,"minecraft:carrots":12,"minecraft:wheat":30,"minecraft:sweet_berry_bush":10,"projectvibrantjourneys:bones":1,"minecraft:pumpkin":2,"regions_unexplored:steppe_grass":8,"regions_unexplored:sandy_grass":13,"minecraft:potatoes":22,"minecraft:grass":29,"minecraft:sculk_shrieker":1,"biomesoplenty:dead_log":7,"regions_unexplored:joshua_log":6,"regions_unexplored:eucalyptus_log":3,"projectvibrantjourneys:short_grass":23,"minecraft:dirt":2,"minecraft:oak_leaves":4,"minecraft:green_bed":4,"minecraft:fern":6},"minecraft:dropped":{"minecraft:bread":48,"minecraft:iron_sword":1,"minecraft:green_bed":1,"minecraft:carrot":15,"minecraft:emerald":13,"minecraft:hay_block":2,"minecraft:torch":37,"regions_unexplored:joshua_planks":4}},"DataVersion":3465}