{"stats":{"minecraft:custom":{"minecraft:interact_with_furnace":8,"minecraft:mob_kills":13,"minecraft:interact_with_crafting_table":11,"minecraft:open_barrel":1,"minecraft:eat_cake_slice":2,"minecraft:time_since_death":22758,"minecraft:sleep_in_bed":2,"minecraft:climb_one_cm":315,"minecraft:time_since_rest":11258,"minecraft:sprint_one_cm":459407,"minecraft:damage_taken":7433,"minecraft:walk_one_cm":889387,"minecraft:drop":6,"minecraft:damage_dealt":2585,"minecraft:swim_one_cm":6510,"minecraft:fly_one_cm":356704,"minecraft:player_kills":3,"minecraft:open_chest":23,"minecraft:deaths":25,"minecraft:crouch_one_cm":9212,"minecraft:play_time":90622,"minecraft:sneak_time":1650,"minecraft:walk_under_water_one_cm":111,"minecraft:jump":848,"minecraft:walk_on_water_one_cm":1126,"minecraft:total_world_time":90622,"minecraft:fall_one_cm":19588},"minecraft:dropped":{"minecraft:bread":6,"minecraft:green_bed":1,"minecraft:hay_block":2,"regions_unexplored:joshua_planks":4},"minecraft:picked_up":{"regions_unexplored:eucalyptus_log":3,"minecraft:cut_sandstone":5,"gravestone:obituary":1,"minecraft:gunpowder":1,"minecraft:dirt":3,"minecraft:bone":4,"minecraft:candle":1,"minecraft:wheat_seeds":7,"minecraft:red_sand":2,"minecraft:spruce_planks":1,"minecraft:melon_slice":16,"minecraft:egg":3,"minecraft:sandstone":16,"minecraft:jungle_door":1,"projectvibrantjourneys:bark_mushroom":1,"minecraft:green_bed":4,"minecraft:porkchop":2,"minecraft:sand":2,"minecraft:carrot":3,"minecraft:chiseled_sandstone":2,"regions_unexplored:acacia_shrub":1,"minecraft:stone_sword":1,"minecraft:cactus":2,"minecraft:arrow":3,"minecraft:rotten_flesh":8,"regions_unexplored:joshua_log":6,"minecraft:hay_block":2,"minecraft:bread":11,"projectvibrantjourneys:orange_bark_mushroom":1},"minecraft:killed":{"alexsmobs:guster":1,"minecraft:pig":1,"minecraft:zombie_villager":1,"minecraft:skeleton":2,"minecraft:zombie":6,"minecraft:player":2},"minecraft:crafted":{"minecraft:crafting_table":2,"regions_unexplored:eucalyptus_planks":12,"regions_unexplored:joshua_planks":20},"minecraft:killed_by":{"minecraft:husk":1,"alexsmobs:guster":3,"minecraft:player":3,"minecraft:skeleton":13,"minecraft:creeper":1,"minecraft:zombie":3},"minecraft:used":{"minecraft:green_bed":2,"minecraft:rotten_flesh":7,"minecraft:dirt":1,"minecraft:crafting_table":2,"projectvibrantjourneys:bark_mushroom":1,"minecraft:carrot":2,"minecraft:bread":5,"minecraft:melon_slice":6,"projectvibrantjourneys:orange_bark_mushroom":1},"minecraft:mined":{"regions_unexplored:dead_steppe_shrub":2,"minecraft:acacia_leaves":1,"regions_unexplored:acacia_shrub":1,"gravestone:gravestone":6,"minecraft:red_sand":2,"minecraft:grass_block":1,"minecraft:melon":3,"regions_unexplored:small_desert_shrub":13,"minecraft:tall_grass":6,"minecraft:hay_block":2,"minecraft:carrots":1,"projectvibrantjourneys:bones":1,"regions_unexplored:steppe_grass":8,"regions_unexplored:sandy_grass":13,"minecraft:grass":29,"regions_unexplored:eucalyptus_log":3,"regions_unexplored:joshua_log":6,"projectvibrantjourneys:short_grass":22,"minecraft:dirt":2,"minecraft:green_bed":3,"minecraft:fern":5}},"DataVersion":3465}