{"stats":{"minecraft:custom":{"minecraft:time_since_rest":12205,"minecraft:sprint_one_cm":287223,"minecraft:damage_taken":3583,"minecraft:walk_one_cm":569529,"minecraft:mob_kills":8,"minecraft:drop":1,"minecraft:damage_dealt":1508,"minecraft:swim_one_cm":6510,"minecraft:interact_with_crafting_table":1,"minecraft:player_kills":3,"minecraft:fly_one_cm":91616,"minecraft:open_barrel":1,"minecraft:open_chest":8,"minecraft:crouch_one_cm":4401,"minecraft:play_time":54622,"minecraft:deaths":13,"minecraft:sneak_time":929,"minecraft:walk_under_water_one_cm":111,"minecraft:jump":585,"minecraft:eat_cake_slice":2,"minecraft:walk_on_water_one_cm":1060,"minecraft:time_since_death":26097,"minecraft:sleep_in_bed":1,"minecraft:total_world_time":54622,"minecraft:climb_one_cm":251,"minecraft:fall_one_cm":10497},"minecraft:dropped":{"minecraft:bread":3},"minecraft:picked_up":{"regions_unexplored:eucalyptus_log":3,"projectvibrantjourneys:bark_mushroom":1,"minecraft:green_bed":1,"minecraft:porkchop":2,"minecraft:carrot":3,"minecraft:dirt":1,"minecraft:cactus":2,"regions_unexplored:acacia_shrub":1,"minecraft:bone":1,"minecraft:rotten_flesh":5,"minecraft:wheat_seeds":5,"minecraft:red_sand":2,"minecraft:candle":1,"projectvibrantjourneys:orange_bark_mushroom":1,"minecraft:melon_slice":16,"minecraft:egg":3},"minecraft:killed":{"minecraft:skeleton":1,"minecraft:zombie":3,"minecraft:pig":1,"minecraft:zombie_villager":1,"minecraft:player":2},"minecraft:crafted":{"regions_unexplored:eucalyptus_planks":12},"minecraft:killed_by":{"minecraft:player":3,"minecraft:skeleton":8,"minecraft:zombie":1},"minecraft:used":{"minecraft:melon_slice":6,"minecraft:rotten_flesh":4,"projectvibrantjourneys:orange_bark_mushroom":1,"projectvibrantjourneys:bark_mushroom":1,"minecraft:carrot":2},"minecraft:mined":{"regions_unexplored:dead_steppe_shrub":2,"minecraft:acacia_leaves":1,"minecraft:carrots":1,"regions_unexplored:acacia_shrub":1,"projectvibrantjourneys:bones":1,"regions_unexplored:sandy_grass":9,"regions_unexplored:steppe_grass":8,"minecraft:grass_block":1,"minecraft:grass":28,"minecraft:red_sand":2,"minecraft:melon":3,"projectvibrantjourneys:short_grass":20,"regions_unexplored:eucalyptus_log":3,"regions_unexplored:small_desert_shrub":12,"minecraft:tall_grass":6,"minecraft:green_bed":1,"minecraft:fern":5}},"DataVersion":3465}