{"stats":{"minecraft:custom":{"minecraft:mob_kills":12,"minecraft:interact_with_crafting_table":3,"minecraft:leave_game":1,"minecraft:time_since_death":0,"minecraft:sleep_in_bed":4,"minecraft:climb_one_cm":1131,"minecraft:time_since_rest":403,"minecraft:sprint_one_cm":279751,"minecraft:damage_taken":1073,"minecraft:walk_one_cm":427562,"minecraft:drop":8,"minecraft:damage_dealt":2043,"minecraft:swim_one_cm":10231,"minecraft:fly_one_cm":32715,"minecraft:open_chest":22,"minecraft:deaths":1,"minecraft:play_time":50472,"minecraft:walk_under_water_one_cm":83459,"minecraft:jump":401,"minecraft:interact_with_blast_furnace":1,"minecraft:walk_on_water_one_cm":22046,"minecraft:total_world_time":50472,"minecraft:fall_one_cm":4393},"minecraft:killed":{"minecraft:husk":1,"minecraft:pig":3,"minecraft:skeleton":2,"minecraft:zombie":3,"alexsmobs:leafcutter_ant":1,"minecraft:cow":2},"minecraft:used":{"minecraft:stone_sword":4,"minecraft:iron_shovel":25,"minecraft:stone_pickaxe":4,"minecraft:wooden_pickaxe":38,"minecraft:iron_sword":113,"minecraft:green_bed":1,"minecraft:crafting_table":2,"minecraft:wooden_axe":17,"regions_unexplored:eucalyptus_planks":36,"minecraft:bread":17,"minecraft:stone_axe":28,"minecraft:wooden_sword":78},"minecraft:picked_up":{"minecraft:wooden_axe":2,"minecraft:wheat":19,"regions_unexplored:eucalyptus_log":12,"minecraft:leather":2,"minecraft:jungle_wood":1,"minecraft:jungle_fence":1,"minecraft:wooden_pickaxe":1,"regions_unexplored:dead_steppe_shrub":1,"regions_unexplored:eucalyptus_planks":28,"farmersdelight:flint_knife":1,"minecraft:dirt":25,"minecraft:wooden_sword":1,"minecraft:wheat_seeds":59,"minecraft:beef":3,"minecraft:iron_sword":1,"projectvibrantjourneys:light_brown_bark_mushroom":2,"minecraft:stick":1,"minecraft:green_bed":1,"minecraft:acacia_log":3,"projectvibrantjourneys:bones":1,"epicfight:skillbook":1,"minecraft:porkchop":6,"minecraft:arrow":2,"minecraft:rotten_flesh":6,"minecraft:coal":5,"minecraft:cobblestone":31},"minecraft:crafted":{"minecraft:wooden_sword":1,"minecraft:crafting_table":3,"minecraft:wooden_pickaxe":1,"minecraft:stone_axe":1,"regions_unexplored:eucalyptus_planks":48,"minecraft:stick":4,"minecraft:stone_pickaxe":1,"minecraft:wooden_axe":1,"minecraft:stone_sword":1,"minecraft:acacia_planks":12},"minecraft:mined":{"regions_unexplored:dead_steppe_shrub":2,"minecraft:acacia_leaves":2,"minecraft:red_sand":4,"projectvibrantjourneys:twigs":1,"minecraft:acacia_log":3,"minecraft:grass_block":11,"regions_unexplored:small_desert_shrub":3,"minecraft:tall_grass":11,"biomesoplenty:dune_grass":1,"projectvibrantjourneys:light_brown_bark_mushroom":1,"minecraft:jungle_wood":1,"minecraft:wheat":28,"minecraft:jungle_fence":1,"regions_unexplored:steppe_grass":2,"minecraft:grass":17,"minecraft:coal_ore":5,"projectvibrantjourneys:short_grass":10,"regions_unexplored:eucalyptus_log":12,"minecraft:dirt":14,"regions_unexplored:eucalyptus_planks":28,"minecraft:stone":33,"minecraft:green_bed":1,"minecraft:fern":3},"minecraft:dropped":{"minecraft:stone_sword":1,"projectvibrantjourneys:bones":1,"farmersdelight:flint_knife":1,"minecraft:wooden_axe":2,"minecraft:wooden_sword":1,"minecraft:wooden_pickaxe":2}},"DataVersion":3465}