{"stats":{"minecraft:custom":{"minecraft:time_since_rest":693,"minecraft:sprint_one_cm":173094,"minecraft:damage_taken":488,"minecraft:walk_one_cm":268981,"minecraft:mob_kills":3,"minecraft:drop":4,"minecraft:damage_dealt":543,"minecraft:interact_with_crafting_table":3,"minecraft:fly_one_cm":19388,"minecraft:open_chest":21,"minecraft:play_time":31507,"minecraft:jump":167,"minecraft:interact_with_blast_furnace":1,"minecraft:time_since_death":31507,"minecraft:sleep_in_bed":2,"minecraft:total_world_time":31507,"minecraft:climb_one_cm":1091,"minecraft:fall_one_cm":3454},"minecraft:killed":{"minecraft:skeleton":1,"minecraft:husk":1,"minecraft:zombie":1},"minecraft:used":{"minecraft:wooden_axe":17,"minecraft:stone_sword":4,"minecraft:iron_shovel":24,"minecraft:bread":8,"regions_unexplored:eucalyptus_planks":5,"minecraft:wooden_pickaxe":38,"minecraft:wooden_sword":78,"minecraft:crafting_table":2},"minecraft:picked_up":{"minecraft:wooden_axe":2,"projectvibrantjourneys:light_brown_bark_mushroom":2,"minecraft:wheat":19,"regions_unexplored:eucalyptus_log":12,"minecraft:acacia_log":3,"minecraft:green_bed":1,"minecraft:jungle_fence":1,"minecraft:jungle_wood":1,"minecraft:wooden_pickaxe":1,"epicfight:skillbook":1,"regions_unexplored:dead_steppe_shrub":1,"minecraft:dirt":24,"minecraft:wooden_sword":1,"minecraft:arrow":2,"minecraft:rotten_flesh":3,"minecraft:wheat_seeds":59,"minecraft:coal":5,"minecraft:cobblestone":31},"minecraft:crafted":{"minecraft:wooden_sword":1,"minecraft:crafting_table":3,"minecraft:stick":4,"minecraft:wooden_pickaxe":1,"minecraft:stone_pickaxe":1,"minecraft:wooden_axe":1,"minecraft:stone_sword":1,"minecraft:acacia_planks":12,"minecraft:stone_axe":1,"regions_unexplored:eucalyptus_planks":48},"minecraft:mined":{"regions_unexplored:dead_steppe_shrub":1,"projectvibrantjourneys:light_brown_bark_mushroom":1,"minecraft:acacia_leaves":2,"minecraft:jungle_wood":1,"minecraft:wheat":28,"minecraft:jungle_fence":1,"minecraft:grass":4,"minecraft:acacia_log":3,"minecraft:grass_block":10,"minecraft:coal_ore":5,"regions_unexplored:eucalyptus_log":12,"projectvibrantjourneys:short_grass":2,"minecraft:dirt":14,"minecraft:tall_grass":5,"minecraft:stone":33,"biomesoplenty:dune_grass":1,"minecraft:green_bed":1,"minecraft:fern":1},"minecraft:dropped":{"minecraft:wooden_axe":2,"minecraft:wooden_sword":1,"minecraft:wooden_pickaxe":1}},"DataVersion":3465}