{"stats":{"minecraft:mined":{"regions_unexplored:dead_steppe_shrub":1,"projectvibrantjourneys:light_brown_bark_mushroom":1,"minecraft:acacia_leaves":2,"minecraft:wheat":28,"minecraft:jungle_fence":1,"minecraft:grass":4,"minecraft:acacia_log":3,"minecraft:coal_ore":4,"projectvibrantjourneys:short_grass":1,"regions_unexplored:eucalyptus_log":12,"minecraft:dirt":6,"minecraft:tall_grass":5,"minecraft:stone":19,"minecraft:green_bed":1,"minecraft:fern":1},"minecraft:picked_up":{"projectvibrantjourneys:light_brown_bark_mushroom":2,"minecraft:wheat":19,"regions_unexplored:eucalyptus_log":12,"minecraft:green_bed":1,"minecraft:jungle_fence":1,"minecraft:acacia_log":3,"epicfight:skillbook":1,"regions_unexplored:dead_steppe_shrub":1,"minecraft:dirt":6,"minecraft:arrow":2,"minecraft:rotten_flesh":3,"minecraft:wheat_seeds":58,"minecraft:coal":4,"minecraft:cobblestone":17},"minecraft:custom":{"minecraft:time_since_rest":3823,"minecraft:sprint_one_cm":115614,"minecraft:damage_taken":365,"minecraft:walk_one_cm":188405,"minecraft:mob_kills":3,"minecraft:damage_dealt":507,"minecraft:interact_with_crafting_table":2,"minecraft:fly_one_cm":10851,"minecraft:open_chest":20,"minecraft:play_time":24285,"minecraft:jump":87,"minecraft:interact_with_blast_furnace":1,"minecraft:time_since_death":24285,"minecraft:sleep_in_bed":1,"minecraft:total_world_time":24285,"minecraft:climb_one_cm":1091,"minecraft:fall_one_cm":2146},"minecraft:crafted":{"minecraft:wooden_sword":1,"minecraft:crafting_table":3,"minecraft:stick":4,"minecraft:wooden_pickaxe":1,"minecraft:wooden_axe":1,"minecraft:acacia_planks":12,"regions_unexplored:eucalyptus_planks":48},"minecraft:used":{"minecraft:wooden_axe":17,"minecraft:iron_shovel":6,"minecraft:bread":4,"minecraft:wooden_pickaxe":23,"minecraft:wooden_sword":78,"minecraft:crafting_table":2},"minecraft:killed":{"minecraft:skeleton":1,"minecraft:husk":1,"minecraft:zombie":1}},"DataVersion":3465}