{"stats":{"minecraft:mined":{"minecraft:grass":2,"minecraft:acacia_log":3,"regions_unexplored:dead_steppe_shrub":1,"regions_unexplored:eucalyptus_log":5,"minecraft:acacia_leaves":2,"minecraft:tall_grass":1,"minecraft:wheat":28,"minecraft:jungle_fence":1,"minecraft:green_bed":1},"minecraft:picked_up":{"minecraft:wheat":19,"regions_unexplored:eucalyptus_log":5,"minecraft:wheat_seeds":57,"minecraft:jungle_fence":1,"minecraft:acacia_log":3,"minecraft:green_bed":1,"regions_unexplored:dead_steppe_shrub":1},"minecraft:custom":{"minecraft:open_chest":14,"minecraft:time_since_rest":12285,"minecraft:play_time":12285,"minecraft:sprint_one_cm":73507,"minecraft:damage_taken":70,"minecraft:walk_one_cm":85368,"minecraft:jump":45,"minecraft:interact_with_blast_furnace":1,"minecraft:time_since_death":12285,"minecraft:climb_one_cm":770,"minecraft:total_world_time":12285,"minecraft:fall_one_cm":904,"minecraft:interact_with_crafting_table":1,"minecraft:fly_one_cm":6568},"minecraft:crafted":{"minecraft:wooden_sword":1,"minecraft:acacia_planks":12,"minecraft:crafting_table":1,"minecraft:stick":4,"minecraft:wooden_axe":1},"minecraft:used":{"minecraft:wooden_axe":8,"minecraft:wooden_sword":28,"minecraft:crafting_table":1,"minecraft:bread":3}},"DataVersion":3465}