{"stats":{"minecraft:killed_by":{"minecraft:creeper":5,"minecraft:vindicator":1,"minecraft:zombie":1,"minecraft:husk":22,"minecraft:spider":1,"minecraft:warden":1,"minecraft:skeleton":11},"minecraft:crafted":{"minecraft:blue_stained_glass_pane":112,"regions_unexplored:kapok_planks":12,"goblins_tyranny:bottles":7,"minecraft:glass":50,"minecraft:bow":1,"minecraft:chest":7,"goblins_tyranny:plate":16,"minecraft:jungle_stairs":64,"days_in_the_middle_ages:tripod_kettle_stand":1,"regions_unexplored:palm_planks":40,"minecraft:crafting_table":6,"minecraft:wooden_pickaxe":2,"goblins_tyranny:hut_torch":3,"epicfight:iron_longsword":1,"minecraft:shield":5,"minecraft:stick":188,"minecraft:iron_ingot":45,"minecraft:iron_pickaxe":9,"minecraft:iron_block":7,"minecraft:stone_sword":1,"minecraft:gold_ingot":6,"regions_unexplored:magnolia_fence":14,"minecraft:composter":3,"sawmill:sawmill":2,"minecraft:raw_iron":9,"minecraft:iron_nugget":36,"regions_unexplored:redwood_fence":10,"regions_unexplored:redwood_slab":48,"regions_unexplored:stripped_magnolia_wood":10,"minecraft:furnace":1,"minecraft:jungle_trapdoor":2,"minecraft:bone_meal":21,"regions_unexplored:magnolia_slab":6,"minecraft:glass_pane":128,"minecraft:scaffolding":126,"minecraft:lantern":4,"regions_unexplored:magnolia_trapdoor":9,"minecraft:iron_axe":3,"minecraft:stone_pickaxe":2,"regions_unexplored:magnolia_planks":88,"minecraft:wheat":36,"minecraft:cooked_beef":3,"minecraft:coal_block":14,"supplementaries:item_shelf":6,"regions_unexplored:magnolia_door":2,"minecraft:iron_sword":1,"supplementaries:regions_unexplored/sign_post_redwood":4,"supplementaries:timber_cross_brace":2,"epicfight:iron_dagger":2,"minecraft:bucket":2,"supplementaries:timber_frame":2,"minecraft:jungle_slab":16,"minecraft:jungle_planks":620,"minecraft:bread":12,"minecraft:air":0,"regions_unexplored:eucalyptus_planks":84,"minecraft:blue_dye":37,"regions_unexplored:redwood_planks":272,"regions_unexplored:redwood_branch":2,"supplementaries:timber_brace":2,"minecraft:wooden_axe":1,"minecraft:iron_shovel":3,"minecraft:iron_leggings":1,"minecraft:torch":528,"regions_unexplored:redwood_trapdoor":1},"minecraft:broken":{"minecraft:iron_shovel":2,"minecraft:stone_pickaxe":1,"minecraft:shield":4,"minecraft:iron_axe":4,"minecraft:iron_pickaxe":9},"minecraft:dropped":{"minecraft:iron_sword":1,"minecraft:lapis_lazuli":61,"minecraft:ender_pearl":1,"minecraft:diamond":2,"minecraft:jungle_planks":38,"minecraft:iron_horse_armor":1,"minecraft:saddle":2,"regions_unexplored:redwood_sapling":2,"projectvibrantjourneys:orange_bark_mushroom":8,"minecraft:leather_helmet":1,"minecraft:emerald":223,"minecraft:music_disc_13":1,"regions_unexplored:palm_planks":1,"minecraft:dirt":203,"regions_unexplored:elephant_ear":8,"minecraft:dark_oak_fence":2,"minecraft:dispenser":2,"minecraft:mutton":12,"minecraft:jungle_sapling":1,"gravestone:obituary":32,"farmersdelight:onion":6,"minecraft:wooden_sword":1,"minecraft:sand":1,"minecraft:iron_pickaxe":1,"minecraft:white_wool":6,"projectvibrantjourneys:bark_mushroom":1,"minecraft:gold_ingot":11,"minecraft:bone":13,"alexsmobs:skreecher_soul":3,"regions_unexplored:raw_redstone_block":9,"alexsmobs:animal_dictionary":2,"minecraft:cobbled_deepslate":26,"minecraft:rotten_flesh":35,"regions_unexplored:redwood_planks":1,"alexsmobs:emu_egg":1,"minecraft:carrot":1,"minecraft:chainmail_chestplate":1,"minecraft:gunpowder":17,"minecraft:iron_ore":53,"minecraft:beef":9,"alexsmobs:banana":1,"minecraft:written_book":1,"minecraft:egg":1,"farmersdelight:tomato_seeds":12,"minecraft:enchanted_book":4,"minecraft:golden_boots":1,"minecraft:bread":3,"regions_unexplored:magnolia_planks":2,"minecraft:wheat_seeds":16,"minecraft:tnt":1,"minecraft:iron_helmet":2,"minecraft:cobblestone":181,"minecraft:coal":25,"regions_unexplored:day_lily":1,"minecraft:stick":3,"minecraft:iron_block":7,"farmersdelight:golden_knife":2,"minecraft:diorite":17,"regions_unexplored:magnolia_shrub":1,"minecraft:repeater":1,"minecraft:wooden_axe":1,"minecraft:melon_slice":14,"minecraft:brown_terracotta":19,"minecraft:iron_leggings":1,"minecraft:mud":2,"minecraft:string":19,"farmersdelight:rich_soil":3,"minecraft:bucket":1,"minecraft:music_disc_cat":1,"minecraft:redstone":43,"minecraft:sweet_berries":3,"epicfight:uchigatana":1,"minecraft:stone_sword":1,"minecraft:cocoa_beans":2,"minecraft:bowl":3,"aquamirae:whisper_of_the_abyss":1,"minecraft:green_bed":3,"minecraft:sticky_piston":3,"minecraft:raw_iron":78,"minecraft:iron_boots":2,"burnt:hot_spring_water_bucket":1,"alexsmobs:ancient_dart":2,"minecraft:name_tag":1,"minecraft:white_terracotta":60,"minecraft:filled_map":1,"minecraft:potato":10,"regions_unexplored:hibiscus":4,"minecraft:iron_chestplate":1,"minecraft:bamboo":1,"minecraft:bow":1,"minecraft:wooden_pickaxe":1,"minecraft:raw_gold":21,"minecraft:vex_armor_trim_smithing_template":2,"epicfight:skillbook":2},"minecraft:used":{"minecraft:iron_shovel":651,"farmersdelight:cabbage_seeds":4,"minecraft:bone_block":1,"minecraft:chest":8,"days_in_the_middle_ages:tripod_kettle_stand":1,"minecraft:shield":183,"minecraft:iron_sword":78,"regions_unexplored:stripped_magnolia_wood":4,"minecraft:rotten_flesh":5,"minecraft:jungle_planks":655,"minecraft:jungle_slab":9,"regions_unexplored:magnolia_fence":1,"supplementaries:timber_brace":2,"minecraft:lantern":3,"epicfight:iron_dagger":224,"minecraft:bow":70,"minecraft:written_book":1,"regions_unexplored:redwood_slab":36,"minecraft:scaffolding":102,"minecraft:furnace":2,"minecraft:cooked_cod":4,"minecraft:egg":2,"minecraft:potato":1,"goblins_tyranny:goblins_tyranny_guide":1,"epicfight:skillbook":7,"minecraft:stone_pickaxe":157,"minecraft:wooden_pickaxe":83,"epicfight:iron_longsword":43,"minecraft:composter":3,"burnt:hot_spring_water_bucket":21,"minecraft:oak_leaves":109,"minecraft:golden_apple":1,"regions_unexplored:redwood_planks":295,"minecraft:mushroom_stew":3,"minecraft:shears":206,"regions_unexplored:redwood_log":20,"regions_unexplored:redwood_fence":4,"minecraft:melon_slice":25,"minecraft:bread":104,"supplementaries:flax_seeds":10,"minecraft:wooden_sword":2,"supplementaries:timber_cross_brace":5,"supplementaries:bamboo_spikes":1,"regions_unexplored:stripped_magnolia_log":19,"minecraft:bone_meal":16,"minecraft:stone_sword":41,"minecraft:carved_pumpkin":1,"minecraft:torch":588,"minecraft:brewing_stand":1,"minecraft:dirt":15,"regions_unexplored:eucalyptus_log":14,"regions_unexplored:magnolia_log":125,"minecraft:jungle_trapdoor":1,"minecraft:iron_hoe":16,"minecraft:wooden_axe":51,"regions_unexplored:magnolia_door":4,"minecraft:iron_axe":992,"minecraft:jungle_log":9,"minecraft:cooked_beef":12,"minecraft:cooked_mutton":12,"minecraft:water_bucket":7,"minecraft:baked_potato":76,"farmersdelight:golden_knife":80,"minecraft:green_bed":9,"supplementaries:timber_frame":1,"goblins_tyranny:hut_torch":3,"regions_unexplored:pink_magnolia_leaves":3,"minecraft:crafting_table":13,"regions_unexplored:magnolia_planks":7,"minecraft:blue_stained_glass_pane":78,"epicfight:netherite_dagger":214,"minecraft:iron_pickaxe":2558,"sawmill:sawmill":2,"minecraft:jungle_stairs":18,"regions_unexplored:magnolia_trapdoor":17,"regions_unexplored:redwood_trapdoor":1,"minecraft:cobblestone":34,"minecraft:cooked_porkchop":2,"minecraft:bucket":28,"minecraft:pumpkin_pie":4,"alexsmobs:animal_dictionary":5,"epicfight:uchigatana":10},"minecraft:mined":{"farmersdelight:rich_soil":3,"minecraft:jungle_leaves":35,"regions_unexplored:magnolia_log":157,"minecraft:brewing_stand":1,"minecraft:grass_block":363,"regions_unexplored:eucalyptus_leaves":2,"minecraft:jungle_log":193,"regions_unexplored:elephant_ear":3,"minecraft:chiseled_stone_bricks":1,"projectvibrantjourneys:prickly_bush":1,"minecraft:tall_seagrass":1,"minecraft:raw_iron_block":1,"regions_unexplored:stone_bud":1,"regions_unexplored:magnolia_trapdoor":8,"supplementaries:timber_brace":2,"regions_unexplored:pointed_redstone":15,"minecraft:iron_ore":165,"minecraft:sticky_piston":3,"minecraft:fire":2,"regions_unexplored:redwood_planks":46,"projectvibrantjourneys:bark_mushroom":1,"minecraft:deepslate_lapis_ore":9,"minecraft:sculk_shrieker":1,"minecraft:green_bed":7,"minecraft:tripwire":5,"minecraft:jungle_trapdoor":1,"regions_unexplored:joshua_shrub":1,"minecraft:deepslate_redstone_ore":8,"regions_unexplored:white_magnolia_leaves":2,"supplementaries:timber_cross_brace":5,"regions_unexplored:redwood_trapdoor":1,"regions_unexplored:stripped_redwood_log":1,"minecraft:torch":8,"minecraft:jungle_stairs":5,"projectvibrantjourneys:twigs":2,"minecraft:calcite":1,"minecraft:melon":2,"regions_unexplored:small_desert_shrub":1,"minecraft:chest":1,"farmersdelight:cabbages":4,"minecraft:cobblestone":1,"diagonalfences:regions_unexplored/magnolia_fence":1,"projectvibrantjourneys:fallen_leaves":3,"regions_unexplored:bamboo_log":13,"minecraft:wall_torch":18,"minecraft:seagrass":5,"projectvibrantjourneys:light_brown_bark_mushroom":2,"minecraft:repeater":1,"minecraft:jungle_wood":1,"minecraft:mud":1,"projectvibrantjourneys:bones":1,"regions_unexplored:magnolia_door":2,"minecraft:grass":56,"projectvibrantjourneys:short_grass":38,"regions_unexplored:eucalyptus_log":35,"regions_unexplored:bamboo_leaves":3,"minecraft:sand":50,"minecraft:dirt":224,"minecraft:dispenser":2,"minecraft:oak_leaves":114,"minecraft:deepslate":1199,"minecraft:tuff":33,"minecraft:mossy_cobblestone":1,"regions_unexplored:redwood_slab":2,"projectvibrantjourneys:rocks":2,"minecraft:lever":1,"gravestone:gravestone":33,"minecraft:dark_oak_fence":2,"minecraft:jungle_planks":130,"minecraft:redstone_wire":2,"regions_unexplored:magnolia_leaves":2,"regions_unexplored:raw_redstone_block":12,"minecraft:large_fern":2,"minecraft:hay_block":4,"minecraft:furnace":1,"minecraft:carrots":3,"supplementaries:timber_frame":1,"supplementaries:flax":4,"supplementaries:bamboo_spikes":1,"minecraft:suspicious_sand":1,"regions_unexplored:white_magnolia_shrub":1,"minecraft:deepslate_iron_ore":42,"minecraft:vine":23,"regions_unexplored:ash_vent":1,"regions_unexplored:medium_grass":29,"minecraft:bamboo":13,"minecraft:stone":640,"regions_unexplored:redwood_log":174,"regions_unexplored:day_lily":3,"regions_unexplored:redstone_bulb":1,"minecraft:podzol":10,"minecraft:scaffolding":28,"minecraft:crafting_table":7,"minecraft:emerald_ore":15,"regions_unexplored:pink_magnolia_leaves":91,"minecraft:copper_ore":11,"biomesoplenty:sprout":1,"minecraft:lapis_ore":1,"minecraft:deepslate_gold_ore":21,"minecraft:diorite":17,"supplementaries:urn":2,"regions_unexplored:redstone_bud":4,"regions_unexplored:redwood_leaves":67,"regions_unexplored:sandy_grass":2,"regions_unexplored:magnolia_shrub":1,"minecraft:coal_ore":568,"regions_unexplored:palm_log":10,"regions_unexplored:stripped_magnolia_log":33,"minecraft:gravel":5,"biomesoplenty:stringy_cobweb":1,"minecraft:cracked_stone_bricks":2,"minecraft:gold_ore":4,"regions_unexplored:magnolia_planks":3,"minecraft:fern":7},"minecraft:killed":{"minecraft:spider":4,"minecraft:zombie_horse":2,"minecraft:skeleton":30,"minecraft:wolf":1,"alexsmobs:anteater":1,"minecraft:creeper":2,"minecraft:sheep":6,"minecraft:pillager":13,"minecraft:zombie":56,"alexsmobs:fly":2,"minecraft:cow":4,"minecraft:vindicator":1,"minecraft:drowned":1,"alexsmobs:skreecher":2,"minecraft:husk":5,"alexsmobs:emu":1,"alexsmobs:catfish":1,"alexsmobs:crow":1,"minecraft:player":1},"minecraft:custom":{"minecraft:interact_with_crafting_table":69,"minecraft:open_barrel":47,"minecraft:bell_ring":1,"minecraft:leave_game":10,"minecraft:time_since_death":508267,"minecraft:sprint_one_cm":4051392,"minecraft:damage_blocked_by_shield":11408,"minecraft:drop":265,"minecraft:talked_to_villager":9,"minecraft:play_time":1242028,"minecraft:deaths":46,"minecraft:jump":12643,"minecraft:interact_with_brewingstand":2,"minecraft:walk_on_water_one_cm":114763,"minecraft:interact_with_furnace":21,"minecraft:interact_with_loom":1,"minecraft:sleep_in_bed":68,"minecraft:damage_dealt":23812,"minecraft:player_kills":1,"minecraft:crouch_one_cm":138277,"minecraft:interact_with_smoker":1,"minecraft:inspect_dispenser":2,"minecraft:mob_kills":138,"minecraft:climb_one_cm":371199,"minecraft:walk_one_cm":8361678,"minecraft:sneak_time":25086,"minecraft:walk_under_water_one_cm":71733,"minecraft:interact_with_blast_furnace":2,"minecraft:total_world_time":1242028,"minecraft:interact_with_grindstone":1,"minecraft:interact_with_stonecutter":14,"minecraft:time_since_rest":14076,"minecraft:damage_absorbed":40,"minecraft:damage_taken":22096,"minecraft:swim_one_cm":59411,"minecraft:fly_one_cm":989317,"minecraft:open_chest":217,"minecraft:fall_one_cm":213662},"minecraft:picked_up":{"regions_unexplored:pointed_redstone":48,"minecraft:wheat":1,"regions_unexplored:magnolia_log":152,"minecraft:brewing_stand":1,"regions_unexplored:magnolia_shrub":1,"minecraft:string":11,"minecraft:raw_copper":65,"regions_unexplored:magnolia_door":2,"minecraft:sticky_piston":6,"minecraft:bucket":1,"minecraft:cobbled_deepslate":899,"alexsmobs:banana":4,"bosses_of_mass_destruction:soul_star":1,"farmersdelight:cabbage":4,"minecraft:written_book":1,"minecraft:iron_pickaxe":1,"regions_unexplored:pink_magnolia_leaves":67,"minecraft:melon_slice":43,"farmersdelight:cabbage_seeds":11,"regions_unexplored:redwood_log":155,"minecraft:furnace":1,"minecraft:stick":73,"regions_unexplored:kapok_planks":7,"regions_unexplored:elephant_ear":9,"minecraft:brown_terracotta":19,"minecraft:oak_fence":1,"minecraft:torch":102,"minecraft:green_bed":9,"epicfight:skillbook":3,"regions_unexplored:pink_magnolia_shrub":2,"regions_unexplored:raw_redstone_block":31,"minecraft:diorite":17,"supplementaries:flax":4,"regions_unexplored:pink_magnolia_sapling":2,"minecraft:stone_sword":2,"minecraft:rotten_flesh":70,"supplementaries:timber_brace":2,"minecraft:carved_pumpkin":1,"aquamirae:whisper_of_the_abyss":1,"alexsmobs:emu_egg":1,"minecraft:white_terracotta":60,"supplementaries:quiver":1,"supplementaries:ash":3,"minecraft:cobblestone":728,"minecraft:feather":1,"minecraft:cooked_beef":9,"minecraft:repeater":2,"minecraft:jungle_log":185,"projectvibrantjourneys:fallen_leaves":4,"minecraft:jungle_wood":1,"minecraft:potato":3,"minecraft:flint":2,"minecraft:tuff":25,"supplementaries:flax_seeds":10,"minecraft:lapis_lazuli":113,"minecraft:dirt":688,"minecraft:bone":35,"minecraft:bow":3,"minecraft:wheat_seeds":30,"regions_unexplored:magnolia_planks":2,"minecraft:raw_gold":25,"minecraft:bamboo":131,"regions_unexplored:bamboo_log":13,"minecraft:cooked_porkchop":2,"regions_unexplored:redwood_trapdoor":1,"minecraft:sand":52,"minecraft:jungle_planks":170,"regions_unexplored:palm_log":10,"alexsmobs:animal_dictionary":1,"minecraft:mossy_cobblestone":6,"minecraft:iron_hoe":1,"minecraft:dispenser":2,"minecraft:lever":1,"minecraft:crossbow":1,"minecraft:grass":2,"regions_unexplored:magnolia_trapdoor":8,"minecraft:emerald":233,"minecraft:bread":59,"alexsmobs:maggot":2,"minecraft:dark_oak_fence":2,"minecraft:oak_leaves":108,"minecraft:mud":2,"minecraft:cocoa_beans":2,"minecraft:crafting_table":7,"gravestone:obituary":9,"minecraft:jungle_trapdoor":1,"minecraft:wooden_sword":3,"supplementaries:timber_cross_brace":5,"minecraft:cracked_stone_bricks":2,"minecraft:beef":9,"farmersdelight:straw":9,"minecraft:jungle_sapling":7,"regions_unexplored:redwood_planks":46,"regions_unexplored:redwood_slab":2,"minecraft:chest":1,"farmersdelight:golden_knife":2,"minecraft:egg":3,"minecraft:raw_iron":206,"regions_unexplored:day_lily":3,"regions_unexplored:ash_vent":1,"projectvibrantjourneys:bark_mushroom":5,"minecraft:copper_ingot":2,"minecraft:carrot":12,"minecraft:redstone":129,"regions_unexplored:kapok_log":5,"minecraft:tnt":1,"minecraft:arrow":16,"minecraft:cooked_cod":4,"regions_unexplored:redstone_bulb":6,"minecraft:jungle_stairs":5,"minecraft:hay_block":4,"burnt:hot_spring_water_bucket":1,"minecraft:gold_ingot":6,"minecraft:mutton":12,"minecraft:bone_block":1,"minecraft:white_wool":6,"farmersdelight:rich_soil":3,"minecraft:air":23,"regions_unexplored:eucalyptus_log":35,"minecraft:glow_ink_sac":7,"minecraft:leather":3,"alexsmobs:skreecher_soul":3,"minecraft:filled_map":1,"minecraft:golden_boots":1,"minecraft:gunpowder":2,"minecraft:cobblestone_stairs":2,"regions_unexplored:stripped_magnolia_log":29,"minecraft:white_banner":1,"minecraft:cooked_mutton":12,"minecraft:iron_ingot":31,"regions_unexplored:redwood_sapling":2,"supplementaries:timber_frame":1,"projectvibrantjourneys:light_brown_bark_mushroom":4,"minecraft:scaffolding":85,"regions_unexplored:eucalyptus_sapling":1,"regions_unexplored:white_magnolia_sapling":12,"minecraft:sweet_berries":4,"minecraft:chiseled_stone_bricks":1,"minecraft:raw_iron_block":1,"minecraft:gravel":3,"goblins_tyranny:goblins_tyranny_guide":1,"epicfight:uchigatana":1,"minecraft:leather_helmet":1,"alexsmobs:raw_catfish":2,"regions_unexplored:magnolia_fence":1,"projectvibrantjourneys:orange_bark_mushroom":10,"minecraft:coal":767,"minecraft:wooden_axe":1,"minecraft:ender_pearl":1,"regions_unexplored:hibiscus":4}},"DataVersion":3465}