{"stats":{"minecraft:dropped":{"farmersdelight:iron_knife":2,"minecraft:wheat_seeds":1,"minecraft:stone_sword":1,"regions_unexplored:eucalyptus_sapling":1,"projectvibrantjourneys:bark_mushroom":1},"minecraft:killed":{"minecraft:husk":1,"minecraft:zombie":2,"minecraft:pig":1,"alexsmobs:fly":1,"minecraft:player":2},"minecraft:used":{"minecraft:stone_sword":20,"minecraft:melon_slice":15,"minecraft:bread":15,"minecraft:wooden_pickaxe":18,"minecraft:green_bed":4,"minecraft:torch":3,"minecraft:crafting_table":1,"minecraft:porkchop":1},"minecraft:mined":{"gravestone:gravestone":10,"minecraft:grass":2,"minecraft:coal_ore":1,"projectvibrantjourneys:short_grass":1,"regions_unexplored:eucalyptus_log":10,"regions_unexplored:small_desert_shrub":1,"regions_unexplored:palm_log":6,"minecraft:tall_grass":1,"minecraft:stone":16,"minecraft:green_bed":4,"minecraft:fern":1},"minecraft:crafted":{"regions_unexplored:palm_planks":16,"minecraft:crafting_table":1,"minecraft:stick":16,"minecraft:wooden_pickaxe":1,"minecraft:stone_pickaxe":1,"minecraft:stone_sword":2,"minecraft:stone_axe":1,"regions_unexplored:eucalyptus_planks":36},"minecraft:killed_by":{"minecraft:player":6,"minecraft:skeleton":6,"minecraft:creeper":3,"minecraft:zombie":5},"minecraft:picked_up":{"regions_unexplored:eucalyptus_sapling":1,"minecraft:chicken":1,"regions_unexplored:eucalyptus_log":9,"minecraft:torch":1,"minecraft:green_bed":4,"alexsmobs:roadrunner_feather":1,"regions_unexplored:dead_steppe_shrub":1,"minecraft:porkchop":1,"minecraft:sand":14,"regions_unexplored:palm_log":4,"minecraft:stone_sword":1,"minecraft:bone":5,"minecraft:arrow":5,"alexsmobs:guster_eye":1,"minecraft:rotten_flesh":11,"farmersdelight:iron_knife":1,"regions_unexplored:joshua_log":1,"minecraft:wheat_seeds":12,"alexsmobs:rattlesnake_rattle":1,"minecraft:bread":3,"minecraft:emerald":1,"alexsmobs:maggot":1,"projectvibrantjourneys:orange_bark_mushroom":3,"minecraft:melon_slice":34,"minecraft:coal":1,"minecraft:cobblestone":15},"minecraft:custom":{"minecraft:time_since_rest":9327,"minecraft:interact_with_furnace":4,"minecraft:sprint_one_cm":788255,"minecraft:damage_taken":5954,"minecraft:walk_one_cm":1240269,"minecraft:mob_kills":5,"minecraft:drop":6,"minecraft:damage_dealt":1996,"minecraft:interact_with_crafting_table":4,"minecraft:swim_one_cm":4366,"minecraft:play_time":98794,"minecraft:fly_one_cm":129095,"minecraft:player_kills":3,"minecraft:crouch_one_cm":5813,"minecraft:open_chest":26,"minecraft:sneak_time":650,"minecraft:deaths":20,"minecraft:walk_under_water_one_cm":172,"minecraft:jump":630,"minecraft:leave_game":6,"minecraft:interact_with_stonecutter":1,"minecraft:time_since_death":21347,"minecraft:total_world_time":98794,"minecraft:walk_on_water_one_cm":564,"minecraft:sleep_in_bed":3,"minecraft:climb_one_cm":1848,"minecraft:fall_one_cm":4855}},"DataVersion":3465}