{"stats":{"minecraft:custom":{"minecraft:time_since_rest":205,"minecraft:sprint_one_cm":273063,"minecraft:damage_taken":2956,"minecraft:walk_one_cm":609286,"minecraft:mob_kills":3,"minecraft:drop":3,"minecraft:damage_dealt":1377,"minecraft:interact_with_crafting_table":2,"minecraft:fly_one_cm":35731,"minecraft:player_kills":3,"minecraft:open_chest":1,"minecraft:crouch_one_cm":4753,"minecraft:play_time":46137,"minecraft:deaths":12,"minecraft:sneak_time":449,"minecraft:jump":251,"minecraft:leave_game":5,"minecraft:sleep_in_bed":1,"minecraft:time_since_death":13850,"minecraft:climb_one_cm":126,"minecraft:total_world_time":46137,"minecraft:fall_one_cm":2041},"minecraft:dropped":{"minecraft:wheat_seeds":1,"regions_unexplored:eucalyptus_sapling":1,"projectvibrantjourneys:bark_mushroom":1},"minecraft:picked_up":{"regions_unexplored:eucalyptus_sapling":1,"regions_unexplored:eucalyptus_log":9,"regions_unexplored:dead_steppe_shrub":1,"minecraft:porkchop":1,"minecraft:arrow":5,"minecraft:bone":5,"minecraft:rotten_flesh":3,"minecraft:wheat_seeds":6,"alexsmobs:rattlesnake_rattle":1,"minecraft:emerald":1,"alexsmobs:maggot":1,"projectvibrantjourneys:orange_bark_mushroom":3,"minecraft:coal":1,"minecraft:cobblestone":15},"minecraft:killed":{"minecraft:zombie":1,"minecraft:pig":1,"alexsmobs:fly":1,"minecraft:player":2},"minecraft:crafted":{"minecraft:crafting_table":1,"minecraft:stick":8,"minecraft:wooden_pickaxe":1,"minecraft:stone_sword":1,"regions_unexplored:eucalyptus_planks":36},"minecraft:killed_by":{"minecraft:player":4,"minecraft:skeleton":4,"minecraft:creeper":1,"minecraft:zombie":3},"minecraft:used":{"minecraft:stone_sword":8,"minecraft:wooden_pickaxe":18,"minecraft:crafting_table":1,"minecraft:porkchop":1},"minecraft:mined":{"gravestone:gravestone":5,"minecraft:grass":2,"minecraft:coal_ore":1,"projectvibrantjourneys:short_grass":1,"regions_unexplored:eucalyptus_log":10,"minecraft:tall_grass":1,"minecraft:stone":16,"minecraft:fern":1}},"DataVersion":3465}