{"stats":{"minecraft:custom":{"minecraft:time_since_rest":4727,"minecraft:sprint_one_cm":652259,"minecraft:damage_taken":5916,"minecraft:walk_one_cm":1080556,"minecraft:mob_kills":5,"minecraft:drop":6,"minecraft:damage_dealt":1996,"minecraft:swim_one_cm":4366,"minecraft:interact_with_crafting_table":2,"minecraft:fly_one_cm":97682,"minecraft:player_kills":3,"minecraft:open_chest":11,"minecraft:crouch_one_cm":5813,"minecraft:play_time":82137,"minecraft:deaths":20,"minecraft:sneak_time":647,"minecraft:walk_under_water_one_cm":172,"minecraft:jump":459,"minecraft:interact_with_stonecutter":1,"minecraft:leave_game":5,"minecraft:walk_on_water_one_cm":191,"minecraft:sleep_in_bed":1,"minecraft:time_since_death":4690,"minecraft:climb_one_cm":1362,"minecraft:total_world_time":82137,"minecraft:fall_one_cm":4182},"minecraft:dropped":{"farmersdelight:iron_knife":2,"minecraft:wheat_seeds":1,"minecraft:stone_sword":1,"regions_unexplored:eucalyptus_sapling":1,"projectvibrantjourneys:bark_mushroom":1},"minecraft:picked_up":{"regions_unexplored:eucalyptus_sapling":1,"minecraft:chicken":1,"regions_unexplored:eucalyptus_log":9,"minecraft:torch":1,"minecraft:green_bed":3,"alexsmobs:roadrunner_feather":1,"regions_unexplored:dead_steppe_shrub":1,"minecraft:porkchop":1,"minecraft:sand":14,"alexsmobs:guster_eye":1,"farmersdelight:iron_knife":1,"minecraft:stone_sword":1,"minecraft:arrow":5,"minecraft:bone":5,"minecraft:rotten_flesh":11,"regions_unexplored:joshua_log":1,"minecraft:wheat_seeds":12,"alexsmobs:rattlesnake_rattle":1,"minecraft:bread":3,"minecraft:emerald":1,"alexsmobs:maggot":1,"projectvibrantjourneys:orange_bark_mushroom":3,"minecraft:melon_slice":34,"minecraft:coal":1,"minecraft:cobblestone":15},"minecraft:killed":{"minecraft:husk":1,"minecraft:zombie":2,"minecraft:pig":1,"alexsmobs:fly":1,"minecraft:player":2},"minecraft:crafted":{"minecraft:crafting_table":1,"minecraft:stick":8,"minecraft:wooden_pickaxe":1,"minecraft:stone_sword":1,"regions_unexplored:eucalyptus_planks":36},"minecraft:killed_by":{"minecraft:player":6,"minecraft:skeleton":6,"minecraft:creeper":3,"minecraft:zombie":5},"minecraft:used":{"minecraft:stone_sword":20,"minecraft:bread":10,"minecraft:melon_slice":15,"minecraft:wooden_pickaxe":18,"minecraft:green_bed":2,"minecraft:torch":3,"minecraft:crafting_table":1,"minecraft:porkchop":1},"minecraft:mined":{"gravestone:gravestone":10,"minecraft:grass":2,"minecraft:coal_ore":1,"projectvibrantjourneys:short_grass":1,"regions_unexplored:eucalyptus_log":10,"regions_unexplored:small_desert_shrub":1,"minecraft:tall_grass":1,"minecraft:stone":16,"minecraft:green_bed":3,"minecraft:fern":1}},"DataVersion":3465}