{"stats":{"minecraft:custom":{"minecraft:jump":38,"minecraft:time_since_rest":2078,"minecraft:damage_dealt":148,"minecraft:damage_taken":475,"minecraft:crouch_one_cm":452,"minecraft:leave_game":5,"minecraft:play_time":8593,"minecraft:sprint_one_cm":34771,"minecraft:time_since_death":2041,"minecraft:walk_one_cm":72160,"minecraft:deaths":2,"minecraft:sneak_time":29,"minecraft:total_world_time":8593,"minecraft:fall_one_cm":687,"minecraft:drop":1,"minecraft:fly_one_cm":9058},"minecraft:dropped":{"minecraft:wheat_seeds":1},"minecraft:picked_up":{"alexsmobs:rattlesnake_rattle":1,"minecraft:wheat_seeds":3},"minecraft:killed_by":{"minecraft:player":1,"minecraft:skeleton":1},"minecraft:mined":{"minecraft:grass":2,"projectvibrantjourneys:short_grass":1}},"DataVersion":3465}