{"stats":{"minecraft:custom":{"minecraft:time_since_rest":565,"minecraft:sprint_one_cm":537189,"minecraft:damage_taken":5639,"minecraft:walk_one_cm":987365,"minecraft:mob_kills":5,"minecraft:drop":6,"minecraft:damage_dealt":1986,"minecraft:swim_one_cm":4366,"minecraft:interact_with_crafting_table":2,"minecraft:fly_one_cm":87150,"minecraft:player_kills":3,"minecraft:open_chest":11,"minecraft:crouch_one_cm":5291,"minecraft:play_time":70137,"minecraft:deaths":19,"minecraft:sneak_time":500,"minecraft:walk_under_water_one_cm":172,"minecraft:jump":411,"minecraft:leave_game":5,"minecraft:walk_on_water_one_cm":191,"minecraft:sleep_in_bed":1,"minecraft:time_since_death":0,"minecraft:climb_one_cm":1362,"minecraft:total_world_time":70137,"minecraft:fall_one_cm":3973},"minecraft:dropped":{"farmersdelight:iron_knife":2,"minecraft:wheat_seeds":1,"minecraft:stone_sword":1,"regions_unexplored:eucalyptus_sapling":1,"projectvibrantjourneys:bark_mushroom":1},"minecraft:picked_up":{"regions_unexplored:eucalyptus_sapling":1,"minecraft:chicken":1,"regions_unexplored:eucalyptus_log":9,"minecraft:torch":1,"minecraft:green_bed":1,"alexsmobs:roadrunner_feather":1,"regions_unexplored:dead_steppe_shrub":1,"minecraft:porkchop":1,"minecraft:sand":14,"farmersdelight:iron_knife":1,"minecraft:stone_sword":1,"minecraft:arrow":5,"minecraft:bone":5,"minecraft:rotten_flesh":11,"minecraft:wheat_seeds":11,"alexsmobs:rattlesnake_rattle":1,"minecraft:bread":3,"minecraft:emerald":1,"alexsmobs:maggot":1,"projectvibrantjourneys:orange_bark_mushroom":3,"minecraft:melon_slice":4,"minecraft:coal":1,"minecraft:cobblestone":15},"minecraft:killed":{"minecraft:husk":1,"minecraft:zombie":2,"minecraft:pig":1,"alexsmobs:fly":1,"minecraft:player":2},"minecraft:crafted":{"minecraft:crafting_table":1,"minecraft:stick":8,"minecraft:wooden_pickaxe":1,"minecraft:stone_sword":1,"regions_unexplored:eucalyptus_planks":36},"minecraft:killed_by":{"minecraft:player":5,"minecraft:skeleton":6,"minecraft:creeper":3,"minecraft:zombie":5},"minecraft:used":{"minecraft:stone_sword":20,"minecraft:bread":10,"minecraft:melon_slice":11,"minecraft:wooden_pickaxe":18,"minecraft:green_bed":1,"minecraft:torch":3,"minecraft:crafting_table":1,"minecraft:porkchop":1},"minecraft:mined":{"gravestone:gravestone":6,"minecraft:grass":2,"minecraft:coal_ore":1,"projectvibrantjourneys:short_grass":1,"regions_unexplored:eucalyptus_log":10,"regions_unexplored:small_desert_shrub":1,"minecraft:tall_grass":1,"minecraft:stone":16,"minecraft:green_bed":1,"minecraft:fern":1}},"DataVersion":3465}