{"stats":{"minecraft:mined":{"minecraft:crafting_table":1,"gravestone:gravestone":17,"regions_unexplored:small_desert_shrub":1,"minecraft:sculk_sensor":2,"minecraft:cobblestone":2,"minecraft:tall_grass":1,"minecraft:iron_ore":1,"minecraft:grass":2,"minecraft:coal_ore":5,"regions_unexplored:eucalyptus_log":10,"projectvibrantjourneys:short_grass":1,"regions_unexplored:palm_log":6,"minecraft:stone":16,"minecraft:green_bed":4,"minecraft:fern":1},"minecraft:custom":{"minecraft:interact_with_furnace":4,"minecraft:mob_kills":20,"minecraft:interact_with_crafting_table":6,"minecraft:interact_with_stonecutter":1,"minecraft:leave_game":9,"minecraft:time_since_death":14064,"minecraft:sleep_in_bed":7,"minecraft:climb_one_cm":11366,"minecraft:time_since_rest":14090,"minecraft:sprint_one_cm":1117999,"minecraft:damage_taken":9422,"minecraft:walk_one_cm":1666847,"minecraft:drop":18,"minecraft:damage_dealt":2794,"minecraft:swim_one_cm":4614,"minecraft:fly_one_cm":189405,"minecraft:player_kills":3,"minecraft:play_time":178543,"minecraft:open_chest":52,"minecraft:crouch_one_cm":208399,"minecraft:sneak_time":25520,"minecraft:deaths":29,"minecraft:walk_under_water_one_cm":23854,"minecraft:jump":994,"minecraft:walk_on_water_one_cm":13391,"minecraft:total_world_time":178543,"minecraft:fall_one_cm":9953},"minecraft:picked_up":{"minecraft:crafting_table":1,"minecraft:chicken":1,"regions_unexplored:eucalyptus_log":9,"alexsmobs:skreecher_soul":4,"alexsmobs:roadrunner_feather":1,"regions_unexplored:dead_steppe_shrub":1,"gravestone:obituary":1,"minecraft:bone":5,"farmersdelight:iron_knife":1,"minecraft:wheat_seeds":12,"minecraft:melon_slice":34,"minecraft:raw_iron":1,"regions_unexplored:eucalyptus_sapling":1,"hmag:soul_powder":1,"minecraft:torch":38,"minecraft:green_bed":4,"epicfight:skillbook":1,"minecraft:porkchop":1,"minecraft:sand":14,"regions_unexplored:palm_log":4,"minecraft:arrow":5,"minecraft:stone_sword":1,"alexsmobs:guster_eye":1,"minecraft:rotten_flesh":13,"regions_unexplored:joshua_log":1,"alexsmobs:rattlesnake_rattle":1,"minecraft:emerald":14,"minecraft:bread":45,"supplementaries:ash":1,"alexsmobs:maggot":2,"projectvibrantjourneys:orange_bark_mushroom":3,"minecraft:coal":5,"minecraft:white_wool":3,"minecraft:cobblestone":16},"minecraft:dropped":{"minecraft:bread":23,"farmersdelight:iron_knife":2,"alexsmobs:maggot":1,"minecraft:wheat_seeds":1,"minecraft:stone_sword":3,"minecraft:wheat":9,"minecraft:cobblestone":114,"minecraft:emerald":8,"gravestone:obituary":1,"regions_unexplored:eucalyptus_sapling":1,"minecraft:arrow":1,"minecraft:stone_pickaxe":1,"projectvibrantjourneys:bark_mushroom":1,"minecraft:white_wool":1},"minecraft:killed_by":{"minecraft:warden":9,"minecraft:player":6,"minecraft:skeleton":6,"minecraft:creeper":3,"minecraft:zombie":5},"minecraft:crafted":{"regions_unexplored:palm_planks":16,"minecraft:crafting_table":2,"minecraft:wooden_pickaxe":1,"minecraft:stone_axe":1,"regions_unexplored:eucalyptus_planks":36,"minecraft:stick":16,"minecraft:stone_pickaxe":1,"minecraft:stone_sword":2,"minecraft:white_bed":1,"minecraft:torch":12},"minecraft:killed":{"minecraft:husk":1,"minecraft:pig":1,"minecraft:zombie":4,"alexsmobs:fly":3,"alexsmobs:skreecher":10,"minecraft:player":2},"minecraft:used":{"epicfight:skillbook":3,"minecraft:stone_sword":32,"minecraft:stone_pickaxe":7,"minecraft:wooden_pickaxe":18,"minecraft:iron_sword":6,"minecraft:green_bed":4,"minecraft:rotten_flesh":1,"minecraft:torch":20,"minecraft:crafting_table":2,"minecraft:white_bed":1,"minecraft:bread":24,"minecraft:melon_slice":15,"minecraft:stone_axe":9,"minecraft:porkchop":1}},"DataVersion":3465}