{"stats":{"minecraft:custom":{"minecraft:time_since_rest":1889,"minecraft:crouch_one_cm":4753,"minecraft:sprint_one_cm":213204,"minecraft:play_time":34137,"minecraft:deaths":12,"minecraft:damage_taken":2946,"minecraft:walk_one_cm":463016,"minecraft:sneak_time":449,"minecraft:mob_kills":2,"minecraft:drop":1,"minecraft:jump":148,"minecraft:damage_dealt":977,"minecraft:leave_game":5,"minecraft:time_since_death":1850,"minecraft:total_world_time":34137,"minecraft:fall_one_cm":1165,"minecraft:fly_one_cm":26674,"minecraft:player_kills":2},"minecraft:dropped":{"minecraft:wheat_seeds":1},"minecraft:picked_up":{"minecraft:bone":5,"minecraft:arrow":5,"minecraft:rotten_flesh":3,"minecraft:wheat_seeds":3,"regions_unexplored:dead_steppe_shrub":1,"alexsmobs:rattlesnake_rattle":1,"minecraft:emerald":1,"alexsmobs:maggot":1},"minecraft:killed":{"alexsmobs:fly":1,"minecraft:zombie":1,"minecraft:player":1},"minecraft:killed_by":{"minecraft:skeleton":4,"minecraft:creeper":1,"minecraft:zombie":3,"minecraft:player":4},"minecraft:mined":{"gravestone:gravestone":4,"minecraft:grass":2,"projectvibrantjourneys:short_grass":1,"minecraft:tall_grass":1}},"DataVersion":3465}