{"stats":{"minecraft:custom":{"minecraft:time_since_rest":12205,"minecraft:sprint_one_cm":344342,"minecraft:damage_taken":2986,"minecraft:walk_one_cm":815161,"minecraft:mob_kills":4,"minecraft:drop":6,"minecraft:damage_dealt":1571,"minecraft:swim_one_cm":4366,"minecraft:interact_with_crafting_table":2,"minecraft:fly_one_cm":41121,"minecraft:player_kills":3,"minecraft:open_chest":11,"minecraft:crouch_one_cm":5291,"minecraft:play_time":58137,"minecraft:deaths":12,"minecraft:sneak_time":500,"minecraft:walk_under_water_one_cm":172,"minecraft:jump":350,"minecraft:leave_game":5,"minecraft:walk_on_water_one_cm":191,"minecraft:sleep_in_bed":1,"minecraft:time_since_death":25850,"minecraft:climb_one_cm":1342,"minecraft:total_world_time":58137,"minecraft:fall_one_cm":3584},"minecraft:dropped":{"farmersdelight:iron_knife":2,"minecraft:wheat_seeds":1,"minecraft:stone_sword":1,"regions_unexplored:eucalyptus_sapling":1,"projectvibrantjourneys:bark_mushroom":1},"minecraft:picked_up":{"regions_unexplored:eucalyptus_sapling":1,"minecraft:chicken":1,"regions_unexplored:eucalyptus_log":9,"minecraft:green_bed":1,"regions_unexplored:dead_steppe_shrub":1,"minecraft:porkchop":1,"farmersdelight:iron_knife":1,"minecraft:stone_sword":1,"minecraft:arrow":5,"minecraft:bone":5,"minecraft:rotten_flesh":5,"minecraft:wheat_seeds":9,"alexsmobs:rattlesnake_rattle":1,"minecraft:emerald":1,"alexsmobs:maggot":1,"projectvibrantjourneys:orange_bark_mushroom":3,"minecraft:melon_slice":4,"minecraft:coal":1,"minecraft:cobblestone":15},"minecraft:killed":{"minecraft:husk":1,"minecraft:zombie":1,"minecraft:pig":1,"alexsmobs:fly":1,"minecraft:player":2},"minecraft:crafted":{"minecraft:crafting_table":1,"minecraft:stick":8,"minecraft:wooden_pickaxe":1,"minecraft:stone_sword":1,"regions_unexplored:eucalyptus_planks":36},"minecraft:killed_by":{"minecraft:player":4,"minecraft:skeleton":4,"minecraft:creeper":1,"minecraft:zombie":3},"minecraft:used":{"minecraft:stone_sword":12,"minecraft:bread":1,"minecraft:melon_slice":9,"minecraft:wooden_pickaxe":18,"minecraft:green_bed":1,"minecraft:crafting_table":1,"minecraft:porkchop":1},"minecraft:mined":{"gravestone:gravestone":5,"minecraft:grass":2,"minecraft:coal_ore":1,"projectvibrantjourneys:short_grass":1,"regions_unexplored:eucalyptus_log":10,"minecraft:tall_grass":1,"minecraft:stone":16,"minecraft:green_bed":1,"minecraft:fern":1}},"DataVersion":3465}