{"stats":{"minecraft:custom":{"minecraft:time_since_rest":2647,"minecraft:crouch_one_cm":452,"minecraft:sprint_one_cm":41869,"minecraft:play_time":16137,"minecraft:deaths":3,"minecraft:damage_taken":715,"minecraft:walk_one_cm":142517,"minecraft:sneak_time":32,"minecraft:drop":1,"minecraft:jump":52,"minecraft:damage_dealt":515,"minecraft:leave_game":5,"minecraft:time_since_death":2618,"minecraft:total_world_time":16137,"minecraft:fall_one_cm":687,"minecraft:fly_one_cm":11581,"minecraft:player_kills":1},"minecraft:dropped":{"minecraft:wheat_seeds":1},"minecraft:picked_up":{"minecraft:arrow":2,"minecraft:wheat_seeds":3,"alexsmobs:rattlesnake_rattle":1,"minecraft:emerald":1},"minecraft:killed":{"minecraft:player":1},"minecraft:killed_by":{"minecraft:skeleton":1,"minecraft:player":2},"minecraft:mined":{"gravestone:gravestone":1,"minecraft:grass":2,"projectvibrantjourneys:short_grass":1,"minecraft:tall_grass":1}},"DataVersion":3465}