{"stats":{"minecraft:custom":{"minecraft:time_since_rest":946,"minecraft:crouch_one_cm":19330,"minecraft:sprint_one_cm":145721,"minecraft:play_time":28546,"minecraft:deaths":16,"minecraft:damage_taken":4303,"minecraft:walk_one_cm":337935,"minecraft:sneak_time":1721,"minecraft:mob_kills":9,"minecraft:jump":188,"minecraft:damage_dealt":2518,"minecraft:leave_game":1,"minecraft:time_since_death":824,"minecraft:total_world_time":28546,"minecraft:fall_one_cm":693,"minecraft:player_kills":6,"minecraft:fly_one_cm":18431},"minecraft:picked_up":{"minecraft:bone":3,"minecraft:arrow":3,"minecraft:rotten_flesh":4,"minecraft:wheat_seeds":4,"minecraft:red_sand":20,"minecraft:acacia_log":4,"regions_unexplored:dead_steppe_shrub":5,"minecraft:terracotta":1,"alexsmobs:maggot":2,"minecraft:dirt":5},"minecraft:killed":{"minecraft:skeleton":3,"minecraft:pillager":1,"minecraft:zombie":3,"minecraft:player":3},"minecraft:killed_by":{"minecraft:skeleton":5,"minecraft:creeper":1,"minecraft:zombie":5,"minecraft:player":4,"alexsmobs:gorilla":1},"minecraft:mined":{"regions_unexplored:dead_steppe_shrub":1,"minecraft:grass":5,"minecraft:acacia_log":4,"projectvibrantjourneys:short_grass":7,"minecraft:acacia_leaves":1,"regions_unexplored:small_desert_shrub":2,"minecraft:dirt":1,"projectvibrantjourneys:rocks":1,"regions_unexplored:steppe_grass":3,"minecraft:grass_block":2}},"DataVersion":3465}