{"stats":{"minecraft:custom":{"minecraft:time_since_rest":205,"minecraft:sprint_one_cm":245696,"minecraft:damage_taken":5003,"minecraft:walk_one_cm":507120,"minecraft:mob_kills":10,"minecraft:damage_dealt":2694,"minecraft:interact_with_crafting_table":3,"minecraft:fly_one_cm":24106,"minecraft:player_kills":6,"minecraft:crouch_one_cm":21499,"minecraft:play_time":40546,"minecraft:deaths":19,"minecraft:sneak_time":1889,"minecraft:jump":275,"minecraft:leave_game":1,"minecraft:time_since_death":3062,"minecraft:sleep_in_bed":1,"minecraft:climb_one_cm":174,"minecraft:total_world_time":40546,"minecraft:fall_one_cm":693},"minecraft:picked_up":{"projectvibrantjourneys:light_brown_bark_mushroom":1,"minecraft:stick":2,"regions_unexplored:eucalyptus_sapling":1,"minecraft:chicken":1,"regions_unexplored:eucalyptus_log":9,"regions_unexplored:elephant_ear":1,"projectvibrantjourneys:bark_mushroom":1,"minecraft:acacia_log":4,"regions_unexplored:dead_steppe_shrub":5,"minecraft:dirt":5,"regions_unexplored:waratah":1,"minecraft:arrow":3,"minecraft:bone":3,"minecraft:rotten_flesh":4,"minecraft:wheat_seeds":8,"minecraft:red_sand":20,"alexsmobs:maggot":2,"minecraft:terracotta":1,"minecraft:cobblestone":1},"minecraft:killed":{"minecraft:skeleton":3,"minecraft:pillager":1,"minecraft:zombie":3,"minecraft:chicken":1,"minecraft:player":3},"minecraft:killed_by":{"alexsmobs:gorilla":1,"alexsmobs:capuchin_monkey":2,"minecraft:player":5,"minecraft:skeleton":5,"minecraft:creeper":1,"minecraft:zombie":5},"minecraft:mined":{"regions_unexplored:dead_steppe_shrub":1,"minecraft:acacia_leaves":1,"regions_unexplored:waratah":1,"projectvibrantjourneys:rocks":1,"regions_unexplored:steppe_grass":3,"minecraft:grass":32,"projectvibrantjourneys:twigs":1,"minecraft:acacia_log":4,"regions_unexplored:eucalyptus_log":9,"minecraft:grass_block":2,"projectvibrantjourneys:short_grass":16,"regions_unexplored:small_desert_shrub":2,"minecraft:dirt":1,"minecraft:tall_grass":12,"regions_unexplored:elephant_ear":1,"minecraft:fern":11}},"DataVersion":3465}