{"stats":{"minecraft:custom":{"minecraft:interact_with_furnace":2,"minecraft:mob_kills":40,"minecraft:interact_with_crafting_table":8,"minecraft:leave_game":1,"minecraft:time_since_death":22239,"minecraft:sleep_in_bed":2,"minecraft:climb_one_cm":2300,"minecraft:time_since_rest":11258,"minecraft:sprint_one_cm":545544,"minecraft:damage_taken":7823,"minecraft:walk_one_cm":1157883,"minecraft:drop":43,"minecraft:damage_dealt":6768,"minecraft:player_kills":8,"minecraft:fly_one_cm":130163,"minecraft:open_chest":3,"minecraft:crouch_one_cm":33864,"minecraft:play_time":88546,"minecraft:deaths":28,"minecraft:sneak_time":2915,"minecraft:jump":517,"minecraft:walk_on_water_one_cm":4816,"minecraft:total_world_time":88546,"minecraft:fall_one_cm":4442},"minecraft:dropped":{"minecraft:bread":11,"minecraft:stone_sword":1,"regions_unexplored:joshua_log":1,"minecraft:melon_slice":30},"minecraft:picked_up":{"minecraft:feather":3,"minecraft:chicken":4,"regions_unexplored:eucalyptus_log":9,"regions_unexplored:joshua_planks":4,"minecraft:leather":6,"regions_unexplored:dead_steppe_shrub":5,"gravestone:obituary":6,"minecraft:gunpowder":1,"minecraft:dirt":7,"regions_unexplored:waratah":1,"minecraft:bone":3,"farmersdelight:iron_knife":2,"minecraft:wheat_seeds":12,"minecraft:red_sand":20,"minecraft:spruce_planks":3,"minecraft:beef":4,"minecraft:melon_slice":30,"minecraft:dark_oak_stairs":2,"minecraft:egg":1,"projectvibrantjourneys:light_brown_bark_mushroom":1,"minecraft:stick":2,"regions_unexplored:eucalyptus_sapling":1,"minecraft:jungle_door":1,"regions_unexplored:elephant_ear":1,"projectvibrantjourneys:bark_mushroom":1,"minecraft:acacia_log":4,"minecraft:green_bed":3,"minecraft:spruce_stairs":2,"minecraft:porkchop":2,"minecraft:sand":12,"minecraft:arrow":3,"minecraft:stone_sword":1,"minecraft:rotten_flesh":17,"regions_unexplored:joshua_log":1,"regions_unexplored:eucalyptus_shrub":2,"minecraft:hay_block":2,"minecraft:bread":3,"supplementaries:ash":1,"minecraft:terracotta":1,"alexsmobs:maggot":2,"minecraft:mutton":5,"minecraft:white_wool":4,"minecraft:cobblestone":1},"minecraft:killed":{"minecraft:husk":2,"alexsmobs:guster":4,"minecraft:pig":1,"minecraft:spider":2,"minecraft:creeper":1,"minecraft:sheep":4,"minecraft:skeleton":3,"minecraft:pillager":1,"minecraft:zombie":13,"minecraft:chicken":4,"minecraft:player":4,"minecraft:cow":2},"minecraft:crafted":{"minecraft:cooked_porkchop":8,"minecraft:cooked_chicken":3,"minecraft:furnace":1,"minecraft:bread":5,"minecraft:wheat":10},"minecraft:killed_by":{"alexsmobs:guster":1,"minecraft:player":5,"minecraft:skeleton":10,"minecraft:creeper":1,"minecraft:zombie":7,"alexsmobs:gorilla":1,"alexsmobs:capuchin_monkey":2},"minecraft:used":{"farmersdelight:iron_knife":65,"minecraft:stone_sword":69,"minecraft:spruce_planks":2,"minecraft:green_bed":2,"minecraft:melon_slice":14,"minecraft:chicken":1,"minecraft:bread":2,"minecraft:beef":4,"minecraft:furnace":1},"minecraft:mined":{"regions_unexplored:dead_steppe_shrub":1,"minecraft:acacia_leaves":1,"minecraft:spruce_planks":3,"projectvibrantjourneys:rocks":1,"gravestone:gravestone":15,"projectvibrantjourneys:twigs":1,"minecraft:acacia_log":4,"minecraft:grass_block":2,"minecraft:melon":7,"regions_unexplored:small_desert_shrub":3,"minecraft:tall_grass":12,"regions_unexplored:elephant_ear":1,"minecraft:spruce_stairs":1,"regions_unexplored:waratah":1,"regions_unexplored:sandy_grass":1,"regions_unexplored:steppe_grass":5,"minecraft:dark_oak_stairs":1,"minecraft:grass":42,"regions_unexplored:eucalyptus_shrub":1,"regions_unexplored:eucalyptus_log":9,"projectvibrantjourneys:short_grass":23,"minecraft:sand":2,"minecraft:dirt":4,"minecraft:green_bed":3,"minecraft:fern":12}},"DataVersion":3465}