{"stats":{"minecraft:dropped":{"minecraft:iron_sword":1,"minecraft:bread":11,"minecraft:stone_sword":1,"minecraft:rotten_flesh":17,"regions_unexplored:joshua_log":1,"minecraft:emerald":10,"minecraft:melon_slice":30,"minecraft:white_wool":4},"minecraft:killed":{"minecraft:husk":2,"alexsmobs:guster":4,"minecraft:pig":1,"alexsmobs:raccoon":1,"minecraft:spider":2,"minecraft:creeper":1,"minecraft:sheep":4,"minecraft:skeleton":3,"minecraft:pillager":1,"minecraft:zombie":14,"minecraft:chicken":4,"minecraft:player":4,"minecraft:cow":5},"minecraft:used":{"minecraft:cooked_mutton":2,"farmersdelight:iron_knife":73,"minecraft:stone_sword":71,"minecraft:spruce_planks":2,"minecraft:wooden_pickaxe":12,"minecraft:iron_sword":1,"minecraft:green_bed":4,"minecraft:cooked_chicken":3,"minecraft:melon_slice":14,"minecraft:chicken":1,"minecraft:bread":2,"minecraft:wooden_sword":8,"minecraft:beef":4,"minecraft:furnace":1},"minecraft:mined":{"regions_unexplored:dead_steppe_shrub":1,"minecraft:acacia_leaves":1,"minecraft:spruce_planks":3,"projectvibrantjourneys:rocks":1,"gravestone:gravestone":22,"projectvibrantjourneys:twigs":1,"minecraft:acacia_log":4,"minecraft:grass_block":2,"minecraft:melon":7,"regions_unexplored:small_desert_shrub":3,"minecraft:sculk_sensor":1,"minecraft:tall_grass":12,"regions_unexplored:elephant_ear":1,"minecraft:sculk":2,"minecraft:spruce_stairs":1,"minecraft:sculk_catalyst":1,"regions_unexplored:waratah":1,"regions_unexplored:steppe_grass":5,"regions_unexplored:sandy_grass":1,"minecraft:dark_oak_stairs":1,"minecraft:grass":42,"regions_unexplored:eucalyptus_shrub":1,"minecraft:coal_ore":8,"regions_unexplored:eucalyptus_log":9,"projectvibrantjourneys:short_grass":23,"minecraft:sand":2,"minecraft:dirt":4,"regions_unexplored:medium_grass":1,"minecraft:stone":1,"minecraft:orange_bed":1,"minecraft:green_bed":4,"minecraft:fern":12},"minecraft:crafted":{"minecraft:cooked_beef":2,"minecraft:wooden_sword":2,"minecraft:cooked_cod":1,"minecraft:cooked_porkchop":11,"minecraft:cooked_chicken":3,"minecraft:furnace":1,"minecraft:bread":5,"minecraft:cooked_mutton":5,"minecraft:stick":12,"minecraft:stone_pickaxe":1,"minecraft:stone_sword":1,"minecraft:wheat":10},"minecraft:killed_by":{"alexsmobs:guster":1,"minecraft:warden":7,"minecraft:player":5,"minecraft:skeleton":11,"minecraft:creeper":2,"minecraft:zombie":7,"alexsmobs:gorilla":1,"alexsmobs:capuchin_monkey":2},"minecraft:picked_up":{"minecraft:wheat":9,"minecraft:feather":3,"minecraft:clay_ball":1,"minecraft:chicken":4,"regions_unexplored:eucalyptus_log":9,"regions_unexplored:joshua_planks":4,"minecraft:leather":12,"alexsmobs:skreecher_soul":4,"regions_unexplored:dead_steppe_shrub":5,"gravestone:obituary":6,"minecraft:gunpowder":1,"minecraft:dirt":7,"regions_unexplored:waratah":1,"minecraft:bone":3,"farmersdelight:iron_knife":2,"minecraft:wheat_seeds":13,"minecraft:red_sand":20,"minecraft:spruce_planks":3,"minecraft:stone_pickaxe":1,"minecraft:beef":11,"minecraft:melon_slice":30,"minecraft:dark_oak_stairs":2,"minecraft:egg":1,"projectvibrantjourneys:light_brown_bark_mushroom":1,"minecraft:stick":2,"regions_unexplored:eucalyptus_sapling":1,"minecraft:jungle_door":1,"regions_unexplored:elephant_ear":1,"projectvibrantjourneys:bark_mushroom":1,"minecraft:green_bed":4,"minecraft:acacia_log":4,"minecraft:spruce_stairs":2,"minecraft:porkchop":2,"minecraft:sand":12,"minecraft:arrow":4,"minecraft:stone_sword":3,"minecraft:rotten_flesh":17,"regions_unexplored:joshua_log":1,"regions_unexplored:eucalyptus_shrub":2,"minecraft:hay_block":2,"minecraft:emerald":8,"minecraft:bread":26,"alexsmobs:maggot":3,"minecraft:terracotta":1,"supplementaries:ash":1,"minecraft:coal":8,"minecraft:mutton":5,"minecraft:white_wool":5,"minecraft:cobblestone":117},"minecraft:custom":{"minecraft:interact_with_furnace":7,"minecraft:mob_kills":45,"minecraft:interact_with_crafting_table":12,"minecraft:leave_game":1,"minecraft:time_since_death":2103,"minecraft:sleep_in_bed":6,"minecraft:climb_one_cm":3034,"minecraft:time_since_rest":2212,"minecraft:sprint_one_cm":866347,"minecraft:damage_taken":11708,"minecraft:walk_one_cm":1529719,"minecraft:drop":59,"minecraft:damage_dealt":7463,"minecraft:fly_one_cm":170378,"minecraft:player_kills":8,"minecraft:open_chest":17,"minecraft:crouch_one_cm":76659,"minecraft:play_time":136199,"minecraft:deaths":37,"minecraft:sneak_time":8806,"minecraft:walk_under_water_one_cm":14865,"minecraft:jump":866,"minecraft:walk_on_water_one_cm":21750,"minecraft:total_world_time":136199,"minecraft:fall_one_cm":12136}},"DataVersion":3465}