{"stats":{"minecraft:custom":{"minecraft:time_since_rest":12205,"minecraft:sprint_one_cm":266730,"minecraft:damage_taken":5208,"minecraft:walk_one_cm":731922,"minecraft:mob_kills":16,"minecraft:drop":1,"minecraft:damage_dealt":3590,"minecraft:interact_with_crafting_table":3,"minecraft:fly_one_cm":24840,"minecraft:player_kills":6,"minecraft:open_chest":2,"minecraft:crouch_one_cm":27488,"minecraft:play_time":52546,"minecraft:deaths":19,"minecraft:sneak_time":2427,"minecraft:jump":375,"minecraft:leave_game":1,"minecraft:walk_on_water_one_cm":4816,"minecraft:time_since_death":15062,"minecraft:sleep_in_bed":1,"minecraft:climb_one_cm":1876,"minecraft:total_world_time":52546,"minecraft:fall_one_cm":1792},"minecraft:dropped":{"minecraft:stone_sword":1},"minecraft:picked_up":{"minecraft:jungle_door":1,"projectvibrantjourneys:light_brown_bark_mushroom":1,"minecraft:stick":2,"regions_unexplored:eucalyptus_sapling":1,"minecraft:chicken":2,"regions_unexplored:eucalyptus_log":9,"regions_unexplored:elephant_ear":1,"minecraft:leather":3,"projectvibrantjourneys:bark_mushroom":1,"minecraft:green_bed":1,"minecraft:acacia_log":4,"minecraft:spruce_stairs":1,"regions_unexplored:dead_steppe_shrub":5,"minecraft:gunpowder":1,"minecraft:dirt":5,"farmersdelight:iron_knife":1,"minecraft:stone_sword":1,"regions_unexplored:waratah":1,"minecraft:arrow":3,"minecraft:bone":3,"minecraft:rotten_flesh":6,"regions_unexplored:eucalyptus_shrub":1,"minecraft:wheat_seeds":10,"minecraft:red_sand":20,"minecraft:spruce_planks":3,"minecraft:beef":4,"minecraft:bread":3,"alexsmobs:maggot":2,"minecraft:terracotta":1,"minecraft:melon_slice":30,"minecraft:dark_oak_stairs":1,"minecraft:cobblestone":1},"minecraft:killed":{"minecraft:skeleton":3,"minecraft:pillager":1,"minecraft:husk":2,"minecraft:zombie":3,"minecraft:chicken":2,"minecraft:player":3,"minecraft:creeper":1,"minecraft:cow":2},"minecraft:killed_by":{"alexsmobs:gorilla":1,"alexsmobs:capuchin_monkey":2,"minecraft:player":5,"minecraft:skeleton":5,"minecraft:creeper":1,"minecraft:zombie":5},"minecraft:used":{"minecraft:stone_sword":22,"minecraft:beef":4,"farmersdelight:iron_knife":25},"minecraft:mined":{"minecraft:spruce_stairs":1,"regions_unexplored:dead_steppe_shrub":1,"minecraft:acacia_leaves":1,"minecraft:spruce_planks":3,"regions_unexplored:waratah":1,"projectvibrantjourneys:rocks":1,"minecraft:melon":7,"regions_unexplored:steppe_grass":5,"minecraft:dark_oak_stairs":1,"regions_unexplored:eucalyptus_shrub":1,"minecraft:grass":41,"projectvibrantjourneys:twigs":1,"minecraft:acacia_log":4,"regions_unexplored:eucalyptus_log":9,"minecraft:grass_block":2,"projectvibrantjourneys:short_grass":21,"regions_unexplored:small_desert_shrub":2,"minecraft:dirt":1,"minecraft:tall_grass":12,"regions_unexplored:elephant_ear":1,"minecraft:green_bed":1,"minecraft:fern":12}},"DataVersion":3465}