{"stats":{"minecraft:custom":{"minecraft:interact_with_furnace":7,"minecraft:mob_kills":45,"minecraft:interact_with_crafting_table":20,"minecraft:leave_game":5,"minecraft:time_since_death":34787,"minecraft:sleep_in_bed":8,"minecraft:climb_one_cm":32181,"minecraft:time_since_rest":14280,"minecraft:sprint_one_cm":1192732,"minecraft:damage_taken":14098,"minecraft:walk_one_cm":1980929,"minecraft:drop":71,"minecraft:damage_dealt":7821,"minecraft:player_kills":9,"minecraft:fly_one_cm":205149,"minecraft:open_chest":17,"minecraft:crouch_one_cm":170819,"minecraft:play_time":195805,"minecraft:deaths":42,"minecraft:sneak_time":20267,"minecraft:walk_under_water_one_cm":20668,"minecraft:jump":1254,"minecraft:total_world_time":195805,"minecraft:walk_on_water_one_cm":25893,"minecraft:fall_one_cm":22425},"minecraft:killed":{"minecraft:husk":2,"alexsmobs:guster":4,"minecraft:pig":1,"alexsmobs:raccoon":1,"minecraft:spider":2,"minecraft:creeper":1,"minecraft:sheep":4,"minecraft:skeleton":3,"minecraft:pillager":1,"minecraft:zombie":14,"minecraft:chicken":4,"minecraft:player":4,"minecraft:cow":5},"minecraft:picked_up":{"minecraft:feather":3,"minecraft:crafting_table":1,"minecraft:wheat":9,"minecraft:chicken":4,"minecraft:clay_ball":1,"regions_unexplored:eucalyptus_log":9,"minecraft:jungle_log":22,"regions_unexplored:joshua_planks":4,"minecraft:leather":12,"alexsmobs:skreecher_soul":5,"regions_unexplored:dead_steppe_shrub":5,"gravestone:obituary":6,"minecraft:gunpowder":1,"minecraft:dirt":7,"regions_unexplored:waratah":1,"minecraft:bone":3,"farmersdelight:iron_knife":2,"minecraft:wheat_seeds":13,"minecraft:red_sand":20,"minecraft:spruce_planks":3,"minecraft:beef":11,"minecraft:stone_pickaxe":1,"minecraft:melon_slice":30,"minecraft:iron_sword":2,"minecraft:dark_oak_stairs":2,"minecraft:egg":1,"minecraft:raw_iron":12,"projectvibrantjourneys:light_brown_bark_mushroom":1,"minecraft:stick":8,"regions_unexplored:eucalyptus_sapling":1,"minecraft:smooth_basalt":1,"minecraft:jungle_door":1,"regions_unexplored:elephant_ear":1,"projectvibrantjourneys:bark_mushroom":1,"minecraft:torch":1,"minecraft:acacia_log":4,"minecraft:green_bed":7,"minecraft:spruce_stairs":2,"minecraft:porkchop":2,"minecraft:sand":12,"minecraft:jungle_planks":3,"minecraft:carrot":15,"minecraft:stone_sword":3,"minecraft:arrow":4,"minecraft:rotten_flesh":17,"regions_unexplored:joshua_log":1,"regions_unexplored:eucalyptus_shrub":2,"minecraft:hay_block":2,"minecraft:bread":26,"minecraft:emerald":8,"minecraft:terracotta":1,"alexsmobs:maggot":3,"supplementaries:ash":1,"minecraft:mutton":5,"minecraft:coal":13,"minecraft:white_wool":5,"minecraft:cobblestone":148},"minecraft:used":{"farmersdelight:iron_knife":73,"minecraft:cooked_mutton":2,"minecraft:stone_sword":71,"minecraft:stone_pickaxe":37,"minecraft:spruce_planks":2,"minecraft:wooden_pickaxe":42,"minecraft:iron_sword":1,"minecraft:green_bed":7,"minecraft:cooked_chicken":3,"minecraft:torch":4,"minecraft:crafting_table":2,"minecraft:carrot":22,"minecraft:wooden_axe":27,"minecraft:chicken":1,"minecraft:bread":6,"minecraft:melon_slice":14,"minecraft:wooden_sword":8,"minecraft:beef":4,"minecraft:furnace":1},"minecraft:crafted":{"minecraft:cooked_beef":2,"minecraft:wooden_sword":2,"minecraft:cooked_cod":1,"minecraft:cooked_porkchop":11,"minecraft:crafting_table":1,"minecraft:wooden_pickaxe":2,"minecraft:cooked_chicken":3,"minecraft:furnace":1,"minecraft:bread":5,"minecraft:cooked_mutton":5,"minecraft:jungle_planks":24,"minecraft:stick":20,"minecraft:stone_pickaxe":4,"minecraft:wooden_axe":1,"minecraft:stone_sword":1,"minecraft:wheat":10},"minecraft:killed_by":{"alexsmobs:guster":1,"minecraft:warden":11,"minecraft:player":6,"minecraft:skeleton":11,"minecraft:creeper":2,"minecraft:zombie":7,"alexsmobs:gorilla":1,"alexsmobs:capuchin_monkey":2},"minecraft:mined":{"regions_unexplored:dead_steppe_shrub":1,"minecraft:spruce_planks":3,"minecraft:acacia_leaves":1,"projectvibrantjourneys:rocks":1,"minecraft:crafting_table":1,"gravestone:gravestone":24,"projectvibrantjourneys:twigs":1,"minecraft:acacia_log":4,"minecraft:grass_block":2,"minecraft:melon":7,"regions_unexplored:small_desert_shrub":3,"minecraft:jungle_log":24,"minecraft:sculk_sensor":12,"minecraft:tall_grass":12,"regions_unexplored:elephant_ear":1,"minecraft:sculk":5,"minecraft:wall_torch":1,"minecraft:spruce_stairs":1,"minecraft:sculk_catalyst":2,"minecraft:iron_ore":12,"regions_unexplored:waratah":1,"projectvibrantjourneys:bones":1,"regions_unexplored:steppe_grass":5,"regions_unexplored:sandy_grass":1,"minecraft:dark_oak_stairs":1,"minecraft:grass":43,"minecraft:sculk_shrieker":1,"regions_unexplored:eucalyptus_shrub":1,"regions_unexplored:eucalyptus_log":9,"minecraft:coal_ore":13,"projectvibrantjourneys:short_grass":24,"minecraft:vine":15,"minecraft:sand":2,"minecraft:dirt":4,"regions_unexplored:medium_grass":1,"minecraft:smooth_basalt":1,"minecraft:stone":32,"minecraft:orange_bed":1,"minecraft:fern":12,"minecraft:green_bed":7},"minecraft:dropped":{"minecraft:bread":11,"minecraft:iron_sword":2,"minecraft:stone_sword":1,"regions_unexplored:joshua_log":2,"minecraft:rotten_flesh":17,"minecraft:emerald":10,"regions_unexplored:palm_planks":5,"minecraft:torch":5,"minecraft:melon_slice":30,"minecraft:white_wool":4}},"DataVersion":3465}