{"stats":{"minecraft:custom":{"minecraft:time_since_rest":3374,"minecraft:damage_dealt":940,"minecraft:damage_taken":670,"minecraft:leave_game":1,"minecraft:crouch_one_cm":1313,"minecraft:play_time":10546,"minecraft:sprint_one_cm":14787,"minecraft:time_since_death":3336,"minecraft:walk_one_cm":97463,"minecraft:deaths":2,"minecraft:sneak_time":243,"minecraft:total_world_time":10546,"minecraft:mob_kills":2,"minecraft:fly_one_cm":6376,"minecraft:player_kills":4,"minecraft:jump":62},"minecraft:picked_up":{"minecraft:rotten_flesh":2,"minecraft:wheat_seeds":1},"minecraft:killed":{"minecraft:zombie":1,"minecraft:player":2,"minecraft:pillager":1},"minecraft:killed_by":{"minecraft:player":2}},"DataVersion":3465}