{"stats":{"minecraft:custom":{"minecraft:mob_kills":27,"minecraft:interact_with_crafting_table":3,"minecraft:leave_game":1,"minecraft:time_since_death":2802,"minecraft:sleep_in_bed":1,"minecraft:climb_one_cm":1876,"minecraft:time_since_rest":2835,"minecraft:sprint_one_cm":362556,"minecraft:damage_taken":7286,"minecraft:walk_one_cm":916980,"minecraft:drop":1,"minecraft:damage_dealt":5456,"minecraft:player_kills":7,"minecraft:fly_one_cm":29110,"minecraft:open_chest":2,"minecraft:crouch_one_cm":29444,"minecraft:play_time":64546,"minecraft:deaths":26,"minecraft:sneak_time":2576,"minecraft:jump":413,"minecraft:walk_on_water_one_cm":4816,"minecraft:total_world_time":64546,"minecraft:fall_one_cm":2807},"minecraft:dropped":{"minecraft:stone_sword":1},"minecraft:picked_up":{"minecraft:chicken":2,"regions_unexplored:eucalyptus_log":9,"minecraft:leather":3,"regions_unexplored:dead_steppe_shrub":5,"minecraft:gunpowder":1,"minecraft:dirt":6,"regions_unexplored:waratah":1,"minecraft:bone":3,"farmersdelight:iron_knife":1,"minecraft:wheat_seeds":12,"minecraft:red_sand":20,"minecraft:spruce_planks":3,"minecraft:beef":4,"minecraft:melon_slice":30,"minecraft:dark_oak_stairs":1,"projectvibrantjourneys:light_brown_bark_mushroom":1,"minecraft:stick":2,"regions_unexplored:eucalyptus_sapling":1,"minecraft:jungle_door":1,"regions_unexplored:elephant_ear":1,"projectvibrantjourneys:bark_mushroom":1,"minecraft:acacia_log":4,"minecraft:green_bed":1,"minecraft:spruce_stairs":1,"minecraft:arrow":3,"minecraft:stone_sword":1,"minecraft:rotten_flesh":16,"regions_unexplored:eucalyptus_shrub":1,"minecraft:bread":3,"minecraft:terracotta":1,"alexsmobs:maggot":2,"minecraft:cobblestone":1},"minecraft:killed":{"minecraft:husk":2,"minecraft:spider":1,"minecraft:creeper":1,"minecraft:skeleton":3,"minecraft:pillager":1,"minecraft:zombie":13,"minecraft:chicken":2,"minecraft:player":3,"minecraft:cow":2},"minecraft:killed_by":{"minecraft:player":5,"minecraft:skeleton":10,"minecraft:creeper":1,"minecraft:zombie":7,"alexsmobs:gorilla":1,"alexsmobs:capuchin_monkey":2},"minecraft:used":{"farmersdelight:iron_knife":48,"minecraft:stone_sword":53,"minecraft:spruce_planks":2,"minecraft:green_bed":1,"minecraft:chicken":1,"minecraft:bread":2,"minecraft:beef":4},"minecraft:mined":{"regions_unexplored:dead_steppe_shrub":1,"minecraft:acacia_leaves":1,"minecraft:spruce_planks":3,"projectvibrantjourneys:rocks":1,"gravestone:gravestone":10,"projectvibrantjourneys:twigs":1,"minecraft:acacia_log":4,"minecraft:grass_block":2,"minecraft:melon":7,"regions_unexplored:small_desert_shrub":3,"minecraft:tall_grass":12,"regions_unexplored:elephant_ear":1,"minecraft:spruce_stairs":1,"regions_unexplored:waratah":1,"regions_unexplored:sandy_grass":1,"regions_unexplored:steppe_grass":5,"minecraft:dark_oak_stairs":1,"minecraft:grass":42,"regions_unexplored:eucalyptus_shrub":1,"regions_unexplored:eucalyptus_log":9,"projectvibrantjourneys:short_grass":23,"minecraft:sand":1,"minecraft:dirt":3,"minecraft:green_bed":1,"minecraft:fern":12}},"DataVersion":3465}